no,id_wa,tanggal_daftar,nama_wilayah_adat,provinsi,kabupaten_kota,kecamatan,peta,status,kebijakan,url_detail
1,bWhXOTlNZUFjUm8,03 Jun 2025,Pau Lipu Tano Tuu,Sulawesi Tengah,BANGGAI KEPULAUAN,Liang,Ada,Terverifikasi,Ada,https://brwa.or.id/wa/view/bWhXOTlNZUFjUm8
2,MlhHdkxCakoxUmM,23 Mei 2025,Lipu Linte,Sulawesi Tengah,TOJO UNA-UNA,Ulubongka,Ada,Teregistrasi,Tidak Ada,https://brwa.or.id/wa/view/MlhHdkxCakoxUmM
3,LXVDVnV0SU9iMEE,14 Apr 2025,Bumi Agung Marga,Lampung,LAMPUNG UTARA,Abung Timur dan Kotabumi Utara,Tidak Ada,Terverifikasi,Tidak Ada,https://brwa.or.id/wa/view/LXVDVnV0SU9iMEE
4,b21fMWhXYV9oSnc,19 Mar 2025,Tempayung Sekayu Darat,Kalimantan Tengah,KOTAWARINGIN BARAT,Kotawaringin Lama,Ada,Teregistrasi,Tidak Ada,https://brwa.or.id/wa/view/b21fMWhXYV9oSnc
5,Q19GNFVmSDhLV2M,01 Okt 2025,Bilabanggai,Sulawesi Tengah,BANGGAI KEPULAUAN,Buko Selatan,Ada,Teregistrasi,Ada,https://brwa.or.id/wa/view/Q19GNFVmSDhLV2M
6,Q19GNFVmSDhLV2M,01 Okt 2025,Bilabanggai,Sulawesi Tengah,BANGGAI KEPULAUAN,Buko Selatan,Ada,Teregistrasi,Ada,https://brwa.or.id/wa/view/Q19GNFVmSDhLV2M
7,UVJzM2pGU2ROeHM,24 Feb 2025,Lipu Kadupang Sampekonan,Sulawesi Tengah,BANGGAI KEPULAUAN,Peling Tengah,Ada,Teregistrasi,Ada,https://brwa.or.id/wa/view/UVJzM2pGU2ROeHM
8,aTlUcmthcHZLc0U,07 Okt 2024,Depati Muaro Langkap,Jambi,KERINCI,Batang Merangin,Tidak Ada,Teregistrasi,Ada,https://brwa.or.id/wa/view/aTlUcmthcHZLc0U
9,RGJ2c1FUSFRhOXM,06 Feb 2025,Tulou Bulusu Mogong Telembunan,Kalimantan Utara,BULUNGAN,Sekatak,Tidak Ada,Terverifikasi,Ada,https://brwa.or.id/wa/view/RGJ2c1FUSFRhOXM
10,TFhaMm8xeHBtb1k,20 Nop 2024,Lipu Tanga Sesea,Sulawesi Tengah,BANGGAI KEPULAUAN,Bulagi Selatan,Ada,Terverifikasi,Ada,https://brwa.or.id/wa/view/TFhaMm8xeHBtb1k
11,bUJDYjlOcENyaUk,06 Feb 2025,Lipu Kaumbol,Sulawesi Tengah,BANGGAI KEPULAUAN,Bulagi,Ada,Terverifikasi,Ada,https://brwa.or.id/wa/view/bUJDYjlOcENyaUk
12,RjBZWGN1MnBuejA,23 Jan 2025,Dayak Ot Danum Sungoi Talunei Lowu Tumbang Kawei,Kalimantan Tengah,KATINGAN,Sanaman Mantikei,Ada,Teregistrasi,Tidak Ada,https://brwa.or.id/wa/view/RjBZWGN1MnBuejA
13,UU5fdHFoUnBONGM,23 Jan 2025,Dayak Ot Danum Sungoi Talunei Lowu Tumbang Mangara,Kalimantan Tengah,KATINGAN,Sanaman Mantikei,Ada,Teregistrasi,Tidak Ada,https://brwa.or.id/wa/view/UU5fdHFoUnBONGM
14,V3ZLMVF3cmtRUEU,07 Okt 2024,Depati Duo Nenek,Jambi,KERINCI,-,Tidak Ada,Teregistrasi,Ada,https://brwa.or.id/wa/view/V3ZLMVF3cmtRUEU
15,TnY3Nkc5WFZGV3M,07 Okt 2024,Depati Atur Bumi,Jambi,KERINCI,-,Ada,Teregistrasi,Ada,https://brwa.or.id/wa/view/TnY3Nkc5WFZGV3M
16,cG1BU2xPU3JUdTQ,07 Okt 2024,Depati Payung,Jambi,KERINCI,-,Tidak Ada,Teregistrasi,Ada,https://brwa.or.id/wa/view/cG1BU2xPU3JUdTQ
17,VXZfSTg0R0JGZmM,23 Des 2024,Wewengkon Adat Sancang,Jawa Barat,GARUT,Cibalong,Ada,Terverifikasi,Tidak Ada,https://brwa.or.id/wa/view/VXZfSTg0R0JGZmM
18,b2FNSVNLVTFwNTA,23 Des 2024,Depati Intan,Jambi,KERINCI,"Siulak Mukai,Gunung Kerinci,Kayu Aro,Kayu Aro Barat,Gunung Tujuh",Ada,Terverifikasi,Ada,https://brwa.or.id/wa/view/b2FNSVNLVTFwNTA
19,ekpTUmtoRG54MUU,21 Des 2024,Koto Payung Semurup Tinggi,Jambi,KERINCI,Air Hangat Barrat,Ada,Terverifikasi,Ada,https://brwa.or.id/wa/view/ekpTUmtoRG54MUU
20,R1dGYkZxcW56cTQ,10 Des 2024,Dayak Siang (Siank) Lowu Cangkang,Kalimantan Tengah,MURUNG RAYA,Tanah Siang,Ada,Teregistrasi,Ada,https://brwa.or.id/wa/view/R1dGYkZxcW56cTQ
21,cHd2bGZ3aFhVbjA,07 Okt 2024,Tulou Bulusu Alung Kendari,Kalimantan Utara,BULUNGAN,Sekatak,Ada,Terverifikasi,Ada,https://brwa.or.id/wa/view/cHd2bGZ3aFhVbjA
22,cmZkQTdOY3JQd0E,13 Okt 2024,Runuang Bulusu Jalai Kampung Bunau,Kalimantan Utara,BULUNGAN,Sekatak,Ada,Terverifikasi,Ada,https://brwa.or.id/wa/view/cmZkQTdOY3JQd0E
23,MEtwZmdMaFlIVEE,14 Okt 2024,Runuang Bulusu Sawui Kelincauan,Kalimantan Utara,BULUNGAN,Sekatak,Ada,Terverifikasi,Ada,https://brwa.or.id/wa/view/MEtwZmdMaFlIVEE
24,TUN6M28yNTE4SGc,13 Okt 2024,Runuang Bulusu Tala' Anjar Arip,Kalimantan Utara,BULUNGAN,Sekatak,Ada,Terverifikasi,Ada,https://brwa.or.id/wa/view/TUN6M28yNTE4SGc
25,djRIb21Hdm10SW8,13 Okt 2024,Runuang Bulusu Pungit - Punan Merungou,Kalimantan Utara,BULUNGAN,Sekatak,Ada,Terverifikasi,Ada,https://brwa.or.id/wa/view/djRIb21Hdm10SW8
26,ZXBIdlJMLUQ4Wlk,14 Okt 2024,Tulou Bulusu Pentian,Kalimantan Utara,BULUNGAN,Sekatak,Ada,Terverifikasi,Ada,https://brwa.or.id/wa/view/ZXBIdlJMLUQ4Wlk
27,YWMxcWhpWEVDcUU,14 Okt 2024,Runuang Bulusu Rayo Bekiliu,Kalimantan Utara,BULUNGAN,Sekatak,Ada,Terverifikasi,Ada,https://brwa.or.id/wa/view/YWMxcWhpWEVDcUU
28,eVFNQ2ZsRHQxM2M,06 Sep 2024,Bulusu Rayo Kampung Kelising,Kalimantan Utara,BULUNGAN,Sekatak,Ada,Teregistrasi,Ada,https://brwa.or.id/wa/view/eVFNQ2ZsRHQxM2M
29,R1JPNmZ6ZTBhTGs,27 Ags 2024,Sub Suku Nakna,Papua Barat,SORONG SELATAN,Konda,Tidak Ada,Teregistrasi,Ada,https://brwa.or.id/wa/view/R1JPNmZ6ZTBhTGs
30,UHM0bUVRZTZlY2s,27 Ags 2024,Keret Sub Suku Gemna,Papua Barat,SORONG SELATAN,KONDA,Tidak Ada,Teregistrasi,Ada,https://brwa.or.id/wa/view/UHM0bUVRZTZlY2s
31,OVlSNVlMSjVlcHc,27 Ags 2024,Sub Suku Yaben,Papua Barat,SORONG SELATAN,Konda,Tidak Ada,Teregistrasi,Ada,https://brwa.or.id/wa/view/OVlSNVlMSjVlcHc
32,TkZSaUpnVzZiVVU,30 Jul 2024,Kampung Firiwage,Papua,BOVEN DIGOEL,Firiwage,Ada,Terverifikasi,Ada,https://brwa.or.id/wa/view/TkZSaUpnVzZiVVU
33,cERPM21aNkFjWHc,27 Ags 2024,Kampung Senimburu,Papua,BOVEN DIGOEL,Kombay,Ada,Terverifikasi,Ada,https://brwa.or.id/wa/view/cERPM21aNkFjWHc
34,enJ0MEswdmNxZGc,30 Jul 2024,Bulusu Tala' Kampung Ambalat,Kalimantan Utara,BULUNGAN,Sekatak,Tidak Ada,Teregistrasi,Ada,https://brwa.or.id/wa/view/enJ0MEswdmNxZGc
35,Qkxiak5ycnA3MWM,26 Jul 2024,"Marga Manim, Manimbu, Makambak, Kasi Suku Mpur",Papua Barat,TAMBRAUW,"Mubrani, Kasi, Kebar Timur, Kebar Selatan",Tidak Ada,Terverifikasi,Ada,https://brwa.or.id/wa/view/Qkxiak5ycnA3MWM
36,RklPdVo5LXp5UHM,24 Jun 2024,Manurara,Nusa Tenggara Timur,SUMBA TENGAH,-,Ada,Teregistrasi,Ada,https://brwa.or.id/wa/view/RklPdVo5LXp5UHM
37,RGJVeE1YOVUyNmc,22 Mar 2024,Wilayah Adat Lundayeh Kelapis,Kalimantan Utara,MALINAU,Malinau Utara,Tidak Ada,Terverifikasi,Ada,https://brwa.or.id/wa/view/RGJVeE1YOVUyNmc
38,MzhxQUVxZmJBaGs,05 Apr 2024,Menua Sebangkang,Kalimantan Barat,KAPUAS HULU,Empanang,Tidak Ada,Terverifikasi,Ada,https://brwa.or.id/wa/view/MzhxQUVxZmJBaGs
39,cVItVEJCX1lsUUk,12 Des 2023,Lundayeh Krayan,Kalimantan Utara,NUNUKAN,"Krayan, Krayan Timur, Krayan Tengah, Krayan Selatan, dan Krayan Barat",Ada,Tersertifikasi,Ada,https://brwa.or.id/wa/view/cVItVEJCX1lsUUk
40,RjlCZWNSd3VuTDg,22 Sep 2023,Dayak Iban Menua Betikal Sungai Pesok,Kalimantan Barat,KAPUAS HULU,Batang Lupar,Ada,Terverifikasi,Ada,https://brwa.or.id/wa/view/RjlCZWNSd3VuTDg
41,aGplYVcteVRaMFk,21 Sep 2023,Dayak Iban Menua Salam,Kalimantan Barat,KAPUAS HULU,Batang Lupar,Ada,Terverifikasi,Ada,https://brwa.or.id/wa/view/aGplYVcteVRaMFk
42,UmpERFlQTXdKOWM,21 Ags 2023,Karukunan Balai Adat Datu Kandangan,Kalimantan Selatan,HULU SUNGAI SELATAN,Loksado,Ada,Terverifikasi,Ada,https://brwa.or.id/wa/view/UmpERFlQTXdKOWM
43,N3dnbkFUdGgzYVk,11 Mei 2024,Ubu Boya,Nusa Tenggara Timur,SUMBA BARAT,-,Ada,Teregistrasi,Tidak Ada,https://brwa.or.id/wa/view/N3dnbkFUdGgzYVk
44,NlVuWDdCd1dBd0U,08 Mei 2024,Praing Lai Taku,Nusa Tenggara Timur,SUMBA TIMUR,-,Ada,Teregistrasi,Tidak Ada,https://brwa.or.id/wa/view/NlVuWDdCd1dBd0U
45,NDBRLVZzNERkWGc,08 Mei 2024,Prai Ijing,Nusa Tenggara Timur,SUMBA BARAT,-,Ada,Teregistrasi,Tidak Ada,https://brwa.or.id/wa/view/NDBRLVZzNERkWGc
46,NUpDNTgyVHJuckk,08 Mei 2024,Matolang Watu Kapepi,Nusa Tenggara Timur,SUMBA TIMUR,-,Ada,Teregistrasi,Tidak Ada,https://brwa.or.id/wa/view/NUpDNTgyVHJuckk
47,bWpBTm1seVliSlE,08 Mei 2024,Kahale,Nusa Tenggara Timur,SUMBA BARAT,-,Ada,Teregistrasi,Tidak Ada,https://brwa.or.id/wa/view/bWpBTm1seVliSlE
48,ZFp0MU00RXhqMEU,08 Mei 2024,Balirama,Nusa Tenggara Timur,SUMBA BARAT,-,Ada,Teregistrasi,Tidak Ada,https://brwa.or.id/wa/view/ZFp0MU00RXhqMEU
49,d29LaGYzbXJGb1E,08 Mei 2024,Lipu Uematopa,Sulawesi Tengah,TOJO UNA-UNA,Ulubongka,Ada,Teregistrasi,Ada,https://brwa.or.id/wa/view/d29LaGYzbXJGb1E
50,aUV2em5DYXdNLVU,08 Mei 2024,Lipu Kasiala,Sulawesi Tengah,TOJO UNA-UNA,Ulubongka,Ada,Teregistrasi,Ada,https://brwa.or.id/wa/view/aUV2em5DYXdNLVU
51,RmNiUVl5cTg3Wk0,08 Mei 2024,Lipu Bakalan,Sulawesi Tengah,BANGGAI KEPULAUAN,Tinangkung,Ada,Terverifikasi,Ada,https://brwa.or.id/wa/view/RmNiUVl5cTg3Wk0
52,dXlYaVpMdTMtT1k,08 Mei 2024,Mian Tuu-Lipu Adino,Sulawesi Tengah,BANGGAI KEPULAUAN,Bulagi Selatan,Ada,Terverifikasi,Ada,https://brwa.or.id/wa/view/dXlYaVpMdTMtT1k
53,NnlFUWdZZU5DOE0,08 Mei 2024,Lipu Sabang,Sulawesi Tengah,BANGGAI KEPULAUAN,Bulagi Utara,Ada,Terverifikasi,Ada,https://brwa.or.id/wa/view/NnlFUWdZZU5DOE0
54,UHRaNndQTzZWbDQ,08 Mei 2024,Makale,Sulawesi Selatan,TANA TORAJA,Makale Makale Utara Makale Selatan,Ada,Terverifikasi,Tidak Ada,https://brwa.or.id/wa/view/UHRaNndQTzZWbDQ
55,SExYNWoxb21UMDA,15 Mar 2024,Marga Masakoda,Papua Barat,TELUK BINTUNI,Masyeta,Ada,Terverifikasi,Ada,https://brwa.or.id/wa/view/SExYNWoxb21UMDA
56,VjFSRlc1NGlHN0k,15 Feb 2024,Marind Rahuk,Papua,MERAUKE,Semangga,Ada,Terverifikasi,Tidak Ada,https://brwa.or.id/wa/view/VjFSRlc1NGlHN0k
57,UEdJd1Y5ZXUwaEk,31 Jan 2024,Karukunan Balai Adat Keturunan Datu Mayawin-Urui,Kalimantan Selatan,HULU SUNGAI SELATAN,Loksado,Ada,Terverifikasi,Ada,https://brwa.or.id/wa/view/UEdJd1Y5ZXUwaEk
58,WmRVeHI1OVd3aEk,31 Jan 2024,Karukunan Balai Adat Datung Makar,Kalimantan Selatan,HULU SUNGAI SELATAN,Loksado,Ada,Terverifikasi,Ada,https://brwa.or.id/wa/view/WmRVeHI1OVd3aEk
59,bWhPeHdaQzVmLTg,21 Ags 2023,Karukunan Balai Adat Datu Mangkuraksa Jaya,Kalimantan Selatan,HULU SUNGAI SELATAN,Loksado,Ada,Tersertifikasi,Ada,https://brwa.or.id/wa/view/bWhPeHdaQzVmLTg
60,dkZVVF93RGhwblU,31 Jan 2024,Kenegrian Malako Kociak,Riau,KAMPAR,Kampar Kiri Hulu,Ada,Terverifikasi,Ada,https://brwa.or.id/wa/view/dkZVVF93RGhwblU
61,Y0FVeG1yM0tRdG8,19 Des 2023,Eik Beneik,Papua,JAYAPURA,Unurum Guay,Ada,Terverifikasi,Ada,https://brwa.or.id/wa/view/Y0FVeG1yM0tRdG8
62,SjdleE9qWkdBRG8,06 Des 2023,Dayak Tahol Desa Seruyung,Kalimantan Utara,MALINAU,Malinau Utara,Ada,Teregistrasi,Ada,https://brwa.or.id/wa/view/SjdleE9qWkdBRG8
63,RndzODVybXQzalE,05 Des 2023,Dayak Tahol Desa Salap,Kalimantan Utara,MALINAU,Malinau Utara,Ada,Teregistrasi,Ada,https://brwa.or.id/wa/view/RndzODVybXQzalE
64,VWtvamE2eUM0SEE,05 Des 2023,Dayak Tahol Desa Putat,Kalimantan Utara,MALINAU,Malinau Utara,Ada,Teregistrasi,Ada,https://brwa.or.id/wa/view/VWtvamE2eUM0SEE
65,VE1iVFhHRVBkOE0,11 Des 2023,Pansor,Nusa Tenggara Barat,LOMBOK UTARA,Kayangan,Ada,Terverifikasi,Ada,https://brwa.or.id/wa/view/VE1iVFhHRVBkOE0
66,TGtGUmJ4dDJRYWc,11 Des 2023,Kuripan,Nusa Tenggara Barat,LOMBOK UTARA,Gangga,Ada,Terverifikasi,Ada,https://brwa.or.id/wa/view/TGtGUmJ4dDJRYWc
67,Z01OTjVnOUtSUjQ,11 Des 2023,Salut,Nusa Tenggara Barat,LOMBOK UTARA,Kayangan,Ada,Terverifikasi,Ada,https://brwa.or.id/wa/view/Z01OTjVnOUtSUjQ
68,NVBRN3hyQnFkUkE,11 Des 2023,Baru Satan,Nusa Tenggara Barat,LOMBOK UTARA,Gangga,Ada,Terverifikasi,Ada,https://brwa.or.id/wa/view/NVBRN3hyQnFkUkE
69,aXlRS2h2LVBhWlE,11 Des 2023,Jeliman Ireng,Nusa Tenggara Barat,LOMBOK UTARA,Pemenang,Ada,Terverifikasi,Ada,https://brwa.or.id/wa/view/aXlRS2h2LVBhWlE
70,TzRWZ2RaMEx0Wm8,11 Des 2023,Leong,Nusa Tenggara Barat,LOMBOK UTARA,Tanjung,Ada,Terverifikasi,Ada,https://brwa.or.id/wa/view/TzRWZ2RaMEx0Wm8
71,anNnTU1lRjZ3M1E,11 Des 2023,Meleko,Nusa Tenggara Barat,LOMBOK UTARA,Tanjung,Ada,Terverifikasi,Ada,https://brwa.or.id/wa/view/anNnTU1lRjZ3M1E
72,bWIzQ2pMOHItYm8,11 Des 2023,Orong Empak Panasan,Nusa Tenggara Barat,LOMBOK UTARA,Tanjung,Ada,Terverifikasi,Ada,https://brwa.or.id/wa/view/bWIzQ2pMOHItYm8
73,VS1ldlp2dTlxOEk,09 Des 2023,Asmat Rumpun Unir Sirau,Papua,ASMAT,"Unir Sirau, Suru-Suru, Tmoro Brip",Tidak Ada,Terverifikasi,Tidak Ada,https://brwa.or.id/wa/view/VS1ldlp2dTlxOEk
74,SlRaRWtVY3k3dTA,07 Nop 2023,E.eh Bundru,Papua,JAYAPURA,Yapsi,Ada,Teregistrasi,Ada,https://brwa.or.id/wa/view/SlRaRWtVY3k3dTA
75,RFVJS0VWUTg4TWs,07 Nop 2023,E.eh. Mablira,Papua,JAYAPURA,Yapsi,Ada,Teregistrasi,Ada,https://brwa.or.id/wa/view/RFVJS0VWUTg4TWs
76,MDVOUlcwVC16UHc,07 Nop 2023,E.eh Yadouw,Papua,JAYAPURA,Kaureh,Ada,Teregistrasi,Ada,https://brwa.or.id/wa/view/MDVOUlcwVC16UHc
77,aHpoZkJPZjh4ODg,07 Nop 2023,Yano Nembu Berap,Papua,JAYAPURA,Nimbokrang,Ada,Tersertifikasi,Ada,https://brwa.or.id/wa/view/aHpoZkJPZjh4ODg
78,YXctWjFSQVpIN28,28 Feb 2023,Sitolu Ompu,Sumatera Utara,TAPANULI UTARA,Pahae Jae,Ada,Tersertifikasi,Ada,https://brwa.or.id/wa/view/YXctWjFSQVpIN28
79,WVRjaGlJM0cxQm8,22 Des 2022,Simardangiang,Sumatera Utara,TAPANULI UTARA,Pahae Julu,Ada,Tersertifikasi,Ada,https://brwa.or.id/wa/view/WVRjaGlJM0cxQm8
80,VWs1SC10WFJiVzA,20 Okt 2023,Kampong Kampala,Sulawesi Selatan,SINJAI,Sinjai Barat,Ada,Teregistrasi,Ada,https://brwa.or.id/wa/view/VWs1SC10WFJiVzA
81,dkpWUWt2WU1DRDA,20 Okt 2023,Pattiro Toa,Sulawesi Selatan,SINJAI,Sinjai Barat,Ada,Teregistrasi,Tidak Ada,https://brwa.or.id/wa/view/dkpWUWt2WU1DRDA
82,TlBlRFNkTFk4T0E,14 Sep 2023,Sigalagala Lobunauli,Sumatera Utara,TAPANULI UTARA,Sipahutar,Ada,Teregistrasi,Ada,https://brwa.or.id/wa/view/TlBlRFNkTFk4T0E
83,NUlCbk9Da0k0dE0,14 Sep 2023,Huta Lontung,Sumatera Utara,TAPANULI UTARA,Muara,Ada,Teregistrasi,Ada,https://brwa.or.id/wa/view/NUlCbk9Da0k0dE0
84,WXBUM1JQRXl2a1U,21 Ags 2023,Karukunan Balai Adat Datu Majampana,Kalimantan Selatan,HULU SUNGAI SELATAN,Loksado,Ada,Tersertifikasi,Ada,https://brwa.or.id/wa/view/WXBUM1JQRXl2a1U
85,SU9Ud3NWeENLWjQ,22 Sep 2023,Wilayah Adat Dayak Abay Sembuak,Kalimantan Utara,MALINAU,Malinau Utara,Ada,Teregistrasi,Ada,https://brwa.or.id/wa/view/SU9Ud3NWeENLWjQ
86,ZkdWaTB4UG9VQW8,03 Ags 2023,Aek Godang,Sumatera Utara,TAPANULI UTARA,Adiankoting,Ada,Teregistrasi,Ada,https://brwa.or.id/wa/view/ZkdWaTB4UG9VQW8
87,T0gxUkJfMW1rcEE,28 Jul 2023,Wilayah Adat Besar Apau Kayan,Kalimantan Utara,MALINAU,Kayan Hulu,Ada,Terverifikasi,Ada,https://brwa.or.id/wa/view/T0gxUkJfMW1rcEE
88,Zy1vMDI1dDkyeU0,18 Jul 2023,Banua Apalin,Kalimantan Barat,KAPUAS HULU,PUTUSSIBAU UTARA,Ada,Tersertifikasi,Ada,https://brwa.or.id/wa/view/Zy1vMDI1dDkyeU0
89,UzRGc2xwNWowVWM,17 Jul 2023,Banua Nanga Nyabo,Kalimantan Barat,KAPUAS HULU,PUTUSSIBAU UTARA,Ada,Tersertifikasi,Ada,https://brwa.or.id/wa/view/UzRGc2xwNWowVWM
90,dkpjRWY1NXNQX3M,16 Jul 2023,Banua Nyabo,Kalimantan Barat,KAPUAS HULU,PUTUSSIBAU UTARA,Ada,Tersertifikasi,Ada,https://brwa.or.id/wa/view/dkpjRWY1NXNQX3M
91,S3ZMbWhwNmdBd0k,16 Jul 2023,Banua Sungulo',Kalimantan Barat,KAPUAS HULU,PUTUSSIBAU UTARA,Ada,Tersertifikasi,Ada,https://brwa.or.id/wa/view/S3ZMbWhwNmdBd0k
92,ZWJZbkhOYU9ITXc,12 Jul 2023,Dayak Suu'yuk Hulu,Kalimantan Barat,KAPUAS HULU,KALIS,Ada,Tersertifikasi,Ada,https://brwa.or.id/wa/view/ZWJZbkhOYU9ITXc
93,MmNJbTY0Ym9ZMXM,11 Jul 2023,Kensuray,Kalimantan Barat,KAPUAS HULU,KALIS,Ada,Tersertifikasi,Ada,https://brwa.or.id/wa/view/MmNJbTY0Ym9ZMXM
94,Qlc0Y2IzLVczZms,15 Jul 2023,Kampung Resak Balai,Kalimantan Barat,SEKADAU,BELITANG HULU,Tidak Ada,Terverifikasi,Tidak Ada,https://brwa.or.id/wa/view/Qlc0Y2IzLVczZms
95,a2dBenJ1a0pDTUE,09 Feb 2023,Kutai Talang Donok I,Bengkulu,LEBONG,Topos,Tidak Ada,Teregistrasi,Ada,https://brwa.or.id/wa/view/a2dBenJ1a0pDTUE
96,Umw3V3dIWVNjV1U,22 Jun 2023,Karukunan Balai Adat Datu Mangkujaya,Kalimantan Selatan,HULU SUNGAI SELATAN,Loksado,Ada,Tersertifikasi,Ada,https://brwa.or.id/wa/view/Umw3V3dIWVNjV1U
97,STFPbUlVN0tvcDA,22 Jun 2023,Karukunan Balai Adat Datu Sindupati,Kalimantan Selatan,HULU SUNGAI SELATAN,Loksado,Ada,Tersertifikasi,Ada,https://brwa.or.id/wa/view/STFPbUlVN0tvcDA
98,Smc2SUhYeVRSaTQ,03 Mar 2023,Bonan Dolok Debatraja,Sumatera Utara,TAPANULI UTARA,Parmonangan,Ada,Terverifikasi,Ada,https://brwa.or.id/wa/view/Smc2SUhYeVRSaTQ
99,NUx1a1lLUDdsWG8,02 Mei 2023,Tana Akion Dayak Okolod Siang I Loo,Kalimantan Utara,NUNUKAN,Lumbis Hulu,Ada,Teregistrasi,Ada,https://brwa.or.id/wa/view/NUx1a1lLUDdsWG8
100,OXN4WGdMbGFiZWs,02 Mei 2023,Tana Fagunan Yake,Kalimantan Utara,NUNUKAN,Lumbis,Ada,Teregistrasi,Ada,https://brwa.or.id/wa/view/OXN4WGdMbGFiZWs
101,cE0tamhwZ2FoME0,22 Nop 2022,Dayak Iban Menua Engkrejai Sungai Luar-Sungai Long,Kalimantan Barat,KAPUAS HULU,BATANG LUPAR,Ada,Tersertifikasi,Ada,https://brwa.or.id/wa/view/cE0tamhwZ2FoME0
102,S05WdENDZ29FYzA,23 Nop 2022,Menua Kedungkang,Kalimantan Barat,KAPUAS HULU,BATANG LUPAR,Ada,Tersertifikasi,Ada,https://brwa.or.id/wa/view/S05WdENDZ29FYzA
103,YW9BV1dqdVRWVm8,18 Apr 2023,Marga Yen,Papua Barat,TELUK BINTUNI,Masyeta,Ada,Terverifikasi,Ada,https://brwa.or.id/wa/view/YW9BV1dqdVRWVm8
104,QmFadEFtSmV1RnM,18 Apr 2023,Marga Yec,Papua Barat,TELUK BINTUNI,Masyeta,Ada,Terverifikasi,Ada,https://brwa.or.id/wa/view/QmFadEFtSmV1RnM
105,QndDUzNBMnFmTTA,18 Apr 2023,Bung Min Wahea,Kalimantan Timur,KUTAI TIMUR,"Batu Ampar, Bengalon, Busang, Karangan, Kelay, Kombeng, Muara Wahau, Tabang, Telen dan Kayan Hilir. (10 kecamatan)",Ada,Terverifikasi,Ada,https://brwa.or.id/wa/view/QndDUzNBMnFmTTA
106,cE80NTNDOFlfbHc,18 Apr 2023,Desa Adat Kerobokan,Bali,BADUNG,-,Ada,Teregistrasi,Ada,https://brwa.or.id/wa/view/cE80NTNDOFlfbHc
107,QjRWcm9DSWQwSW8,14 Okt 2022,Ngata Tangkulowi,Sulawesi Tengah,SIGI,Kulawi,Ada,Teregistrasi,Ada,https://brwa.or.id/wa/view/QjRWcm9DSWQwSW8
108,U3JCZWhJT3BTOWM,18 Apr 2023,Banua Pulau Manak,Kalimantan Barat,KAPUAS HULU,Embaloh Hulu,Ada,Terverifikasi,Ada,https://brwa.or.id/wa/view/U3JCZWhJT3BTOWM
109,aGI1VjZWX2lDanM,18 Apr 2023,Mukim Lhamlom,Aceh,ACEH BESAR,-,Tidak Ada,Teregistrasi,Ada,https://brwa.or.id/wa/view/aGI1VjZWX2lDanM
110,NzVFVkk0YTNXQ0U,18 Apr 2023,Mukim Lamkabeu,Aceh,ACEH BESAR,-,Ada,Teregistrasi,Ada,https://brwa.or.id/wa/view/NzVFVkk0YTNXQ0U
111,YTl0dzY4QmVPdm8,17 Apr 2023,Nase,Sulawesi Selatan,LUWU UTARA,AJANGALE,Ada,Terverifikasi,Ada,https://brwa.or.id/wa/view/YTl0dzY4QmVPdm8
112,OGE1c3FhRDBKclE,17 Apr 2023,Lakoka,Nusa Tenggara Timur,SUMBA TENGAH,-,Ada,Teregistrasi,Ada,https://brwa.or.id/wa/view/OGE1c3FhRDBKclE
113,YWNreURqMTN1Q1E,17 Apr 2023,Mukim Lampanah,Aceh,ACEH BESAR,-,Ada,Teregistrasi,Ada,https://brwa.or.id/wa/view/YWNreURqMTN1Q1E
114,c2JxQVIwLW4wQlU,14 Apr 2023,Basab Jonggon,Kalimantan Timur,KUTAI KARTANEGARA,Loa Kulu,Ada,Terverifikasi,Ada,https://brwa.or.id/wa/view/c2JxQVIwLW4wQlU
115,alYyaWFNMTlIRU0,14 Apr 2023,Kutai Lampong Jembayan,Kalimantan Timur,KUTAI KARTANEGARA,Loa Kulu,Tidak Ada,Terverifikasi,Ada,https://brwa.or.id/wa/view/alYyaWFNMTlIRU0
116,WmZnRXljazJtbmc,14 Apr 2023,Kampong Kutai Adat Lawas,Kalimantan Timur,KUTAI KARTANEGARA,Kota Bangun Darat,Ada,Terverifikasi,Ada,https://brwa.or.id/wa/view/WmZnRXljazJtbmc
117,NEV4T3AwdEJWdjg,14 Apr 2023,Benua Indu Anjat,Kalimantan Timur,KUTAI KARTANEGARA,Muara Muntai,Ada,Terverifikasi,Ada,https://brwa.or.id/wa/view/NEV4T3AwdEJWdjg
118,cS14aHUwVG9xT0U,23 Mar 2023,Banua Paat - Banua Nanga Sunge,Kalimantan Barat,KAPUAS HULU,EMBALOH HULU,Ada,Tersertifikasi,Ada,https://brwa.or.id/wa/view/cS14aHUwVG9xT0U
119,QjFWb2VlUW9kSVU,16 Mar 2023,Himba Atang Ambun Liang Bungai,Kalimantan Tengah,GUNUNG MAS,Miri Manasa,Ada,Terverifikasi,Ada,https://brwa.or.id/wa/view/QjFWb2VlUW9kSVU
120,ZWpsakpJZzRENlk,01 Mar 2023,Kademangan Damang Batu,Kalimantan Tengah,GUNUNG MAS,Damang Batu,Ada,Terverifikasi,Ada,https://brwa.or.id/wa/view/ZWpsakpJZzRENlk
121,cGx3Y05qTmZZRmc,20 Jun 2021,Sadei Teluk Diyen,Bengkulu,LEBONG,Rimbo Pengadang,Tidak Ada,Terverifikasi,Ada,https://brwa.or.id/wa/view/cGx3Y05qTmZZRmc
122,dVBvRk43RXBaMFU,06 Feb 2023,Benuo Sepaku,Kalimantan Timur,PENAJAM PASER UTARA,Sepaku,Ada,Terverifikasi,Ada,https://brwa.or.id/wa/view/dVBvRk43RXBaMFU
123,R3hZRU44TW5QN3M,06 Feb 2023,Benuo Paser Balik Pemaluan,Kalimantan Timur,PENAJAM PASER UTARA,Sepaku,Ada,Terverifikasi,Ada,https://brwa.or.id/wa/view/R3hZRU44TW5QN3M
124,R3ZoRG5TTDVPQXc,06 Feb 2023,Kampong Mentawar,Kalimantan Timur,PENAJAM PASER UTARA,Sepaku,Ada,Terverifikasi,Ada,https://brwa.or.id/wa/view/R3ZoRG5TTDVPQXc
125,eGEwMFQ5bmVER3c,06 Feb 2023,Kampong  Maridan,Kalimantan Timur,PENAJAM PASER UTARA,Sepaku,Ada,Terverifikasi,Ada,https://brwa.or.id/wa/view/eGEwMFQ5bmVER3c
126,MkJvUWhHcWFDemc,12 Des 2022,Huta Tapian Nauli,Sumatera Utara,TAPANULI UTARA,Sipahutar,Ada,Terverifikasi,Ada,https://brwa.or.id/wa/view/MkJvUWhHcWFDemc
127,Nks4RFY0ekhSdms,22 Des 2022,Kenegerian Siunggas,Sumatera Utara,TAPANULI UTARA,Purba Tua,Ada,Tersertifikasi,Ada,https://brwa.or.id/wa/view/Nks4RFY0ekhSdms
128,MXdheERsaDhoRDg,22 Des 2022,Pansur Batu,Sumatera Utara,TAPANULI UTARA,Adiankoting,Ada,Terverifikasi,Ada,https://brwa.or.id/wa/view/MXdheERsaDhoRDg
129,eW1Yb3h6TWxYWFk,22 Des 2022,Kenegerian Lumban Toruan,Sumatera Utara,TAPANULI UTARA,Purba Tua,Ada,Tersertifikasi,Ada,https://brwa.or.id/wa/view/eW1Yb3h6TWxYWFk
130,N0V1QXdEcGM1UEE,22 Des 2022,Kenegerian Janji Angkola,Sumatera Utara,TAPANULI UTARA,Purba Tua,Ada,Terverifikasi,Ada,https://brwa.or.id/wa/view/N0V1QXdEcGM1UEE
131,YmhjSURZX1NDTkk,22 Des 2022,Huta Bona Ni Dolok,Sumatera Utara,TAPANULI UTARA,Sipahutar,Ada,Terverifikasi,Ada,https://brwa.or.id/wa/view/YmhjSURZX1NDTkk
132,Q25xblE2TWFmSG8,20 Nop 2022,Suku Dayak Punan Long  Ranau,Kalimantan Utara,MALINAU,Sungai Tubu,Ada,Tersertifikasi,Ada,https://brwa.or.id/wa/view/Q25xblE2TWFmSG8
133,aC00WklaZ3ktSmc,20 Des 2022,Mukim Blang Mee,Aceh,ACEH BESAR,Lhoong,Ada,Terverifikasi,Ada,https://brwa.or.id/wa/view/aC00WklaZ3ktSmc
134,a1poWlR6V0dQQjg,20 Des 2022,Mukim Glee Bruek,Aceh,ACEH BESAR,Lhoong,Ada,Terverifikasi,Ada,https://brwa.or.id/wa/view/a1poWlR6V0dQQjg
135,c2s0VU5ySXRHR00,16 Okt 2022,Yano Ku Remai,Papua,JAYAPURA,Nimboran,Ada,Teregistrasi,Ada,https://brwa.or.id/wa/view/c2s0VU5ySXRHR00
136,bkkwaGQ1T2hmeTg,15 Des 2022,Yano Bunyom,Papua,JAYAPURA,Nimbokrang,Ada,Teregistrasi,Ada,https://brwa.or.id/wa/view/bkkwaGQ1T2hmeTg
137,S18xUWtoZEV5RVU,15 Nop 2022,Yakna Saplung Samon,Papua,JAYAPURA,Kemtuk,Tidak Ada,Teregistrasi,Ada,https://brwa.or.id/wa/view/S18xUWtoZEV5RVU
138,T05Jc3ZRaG1LUDA,12 Nop 2022,Yano Hamonggrang,Papua,,Nimbokrang,Ada,Teregistrasi,Tidak Ada,https://brwa.or.id/wa/view/T05Jc3ZRaG1LUDA
139,MmFnZG9xRmVrX1E,10 Des 2022,Yano Wai,Papua,JAYAPURA,Nimboran,Ada,Terverifikasi,Ada,https://brwa.or.id/wa/view/MmFnZG9xRmVrX1E
140,ZlRNZkQ5VjRFa00,20 Mar 2022,Yano Akrua,Papua,JAYAPURA,Nimboran,Ada,Tersertifikasi,Ada,https://brwa.or.id/wa/view/ZlRNZkQ5VjRFa00
141,Q2ZFZE9qUEh5eFk,01 Mar 2022,Yano Genyem Hamong,Papua,JAYAPURA,Nimboran,Ada,Tersertifikasi,Ada,https://brwa.or.id/wa/view/Q2ZFZE9qUEh5eFk
142,LXZjN05UVnJ1UDg,24 Mar 2022,Yano Meyu,Papua,JAYAPURA,Nimboran,Ada,Tersertifikasi,Ada,https://brwa.or.id/wa/view/LXZjN05UVnJ1UDg
143,U0I2OVZoMC1pNms,23 Ags 2022,Pomenggonan Tinassu,Sulawesi Tengah,BANGGAI KEPULAUAN,Buko dan Buko Selatan,Ada,Terverifikasi,Ada,https://brwa.or.id/wa/view/U0I2OVZoMC1pNms
144,SU91Q25SU1RZdUU,05 Ags 2022,Tanah Rangga Watu Ngamu,Nusa Tenggara Timur,ENDE,Ende,Tidak Ada,Teregistrasi,Ada,https://brwa.or.id/wa/view/SU91Q25SU1RZdUU
145,bDI0Wjk0Z2NQTnc,01 Ags 2022,Suku Awyi,Papua,KEEROM,Skamto,Ada,Teregistrasi,Ada,https://brwa.or.id/wa/view/bDI0Wjk0Z2NQTnc
146,cHRGMVN3SVlUcUE,29 Jul 2022,Suku Kosare,Papua,JAYAPURA,Airu,Ada,Teregistrasi,Ada,https://brwa.or.id/wa/view/cHRGMVN3SVlUcUE
147,ZHdBckkxUmVZRHc,28 Jul 2022,Suku Imbi Numbay,Papua,JAYAPURA,Ravenirara,Ada,Teregistrasi,Ada,https://brwa.or.id/wa/view/ZHdBckkxUmVZRHc
148,NGVldFZKbUh5ZzQ,28 Jul 2022,Suku Yewena Yonsu,Papua,JAYAPURA,Depapre dan Ravenirara,Ada,Teregistrasi,Ada,https://brwa.or.id/wa/view/NGVldFZKbUh5ZzQ
149,S21tSVRHVDhtc1U,28 Jul 2022,Suku Kabauri,Papua,JAYAPURA,Airu,Ada,Teregistrasi,Ada,https://brwa.or.id/wa/view/S21tSVRHVDhtc1U
150,UGpmalJFRXJ2Yzg,28 Jul 2022,Suku Yokari,Papua,JAYAPURA,Yokari,Ada,Teregistrasi,Ada,https://brwa.or.id/wa/view/UGpmalJFRXJ2Yzg
151,bUZ6S1pzNEJLZzA,28 Jul 2022,Suku Jou Warry,Papua,JAYAPURA,Demta,Ada,Teregistrasi,Ada,https://brwa.or.id/wa/view/bUZ6S1pzNEJLZzA
152,SDlQclc5TE1aLW8,28 Jul 2022,Suku Bhuyaka,Papua,JAYAPURA,"Sentani, Sentani Timur, Ebungfau dan Waibu",Ada,Teregistrasi,Ada,https://brwa.or.id/wa/view/SDlQclc5TE1aLW8
153,QUdZUl9Ea2ZyVlE,06 Apr 2022,Yakena Ku Banu Blo Banu,Papua,JAYAPURA,Kemtuk Gresi,Ada,Terverifikasi,Ada,https://brwa.or.id/wa/view/QUdZUl9Ea2ZyVlE
154,ODBtdng1MnYxeTA,04 Jul 2022,Suku Asmat Pomar Sirau Somor,Papua,ASMAT,Sawa Erma,Ada,Tersertifikasi,Ada,https://brwa.or.id/wa/view/ODBtdng1MnYxeTA
155,Z2M0d1hoVnZzRWs,01 Mar 2022,Yano Genyem Yeku,Papua,JAYAPURA,Nimboran,Ada,Tersertifikasi,Ada,https://brwa.or.id/wa/view/Z2M0d1hoVnZzRWs
156,R2I3b1h5aF91Q0k,01 Mar 2022,Kusang Syuglue Woi Yansu,Papua,JAYAPURA,Kemtuk Gresi,Ada,Tersertifikasi,Ada,https://brwa.or.id/wa/view/R2I3b1h5aF91Q0k
157,d01jY3JQVG00V3M,01 Mar 2022,Sawoi Hnya,Papua,JAYAPURA,Kemtuk Gresi,Ada,Tersertifikasi,Ada,https://brwa.or.id/wa/view/d01jY3JQVG00V3M
158,eUVKdlVLSWJjdVE,21 Feb 2022,Woe Kende Mulu Lewa Kalang Maghit,Nusa Tenggara Timur,MANGGARAI TIMUR,Kota Komba dan Aimere,Tidak Ada,Terverifikasi,Ada,https://brwa.or.id/wa/view/eUVKdlVLSWJjdVE
159,TWwwX2x6MzQzVTA,03 Nop 2021,Lili'na Tikala,Sulawesi Selatan,TORAJA UTARA,"KECAMATAN RANTEPAO, KECAMATAN TALLUNGLIPU, KECAMATAN TIKALA, KECAMATAN SESEAN SULOARA’, KECAMATAN SESEAN,KECAMATAN BANGKELE KILA’, KECAMATAN KAPALAPITU",Ada,Terverifikasi,Ada,https://brwa.or.id/wa/view/TWwwX2x6MzQzVTA
160,WWN4ZWh5YVJsc0E,03 Nop 2021,Lili'na Rantebua,Sulawesi Selatan,TORAJA UTARA,Rantebua,Ada,Terverifikasi,Ada,https://brwa.or.id/wa/view/WWN4ZWh5YVJsc0E
161,bDdHT2Y5a2pNQzQ,03 Nop 2021,Lili’na Buntao’,Sulawesi Selatan,TORAJA UTARA,Buntao’,Ada,Terverifikasi,Ada,https://brwa.or.id/wa/view/bDdHT2Y5a2pNQzQ
162,ekpKanF2TTgwZnM,29 Okt 2021,Banano,Papua,ASMAT,-,Ada,Teregistrasi,Ada,https://brwa.or.id/wa/view/ekpKanF2TTgwZnM
163,Yk5tNF9EOVE2R28,15 Okt 2021,Kasepuhan Nunuk,Jawa Barat,MAJALENGKA,Maja,Ada,Teregistrasi,Tidak Ada,https://brwa.or.id/wa/view/Yk5tNF9EOVE2R28
164,OGZ2UVVkenh5dDg,14 Okt 2021,Abun Tat Yessa,Papua Barat,TAMBRAUW,Tubow dan Abun,Ada,Terverifikasi,Ada,https://brwa.or.id/wa/view/OGZ2UVVkenh5dDg
165,Sk9Gb1c5WmhKRUE,14 Okt 2021,Suku Mpur,Papua Barat,MANOKWARI,-,Ada,Teregistrasi,Ada,https://brwa.or.id/wa/view/Sk9Gb1c5WmhKRUE
166,X0I4aHdwYVFLTWc,14 Okt 2021,Kampung Beneik Orya,Papua,JAYAPURA,-,Ada,Terverifikasi,Ada,https://brwa.or.id/wa/view/X0I4aHdwYVFLTWc
167,TC1FV0M3cUZsRWM,01 Okt 2021,Kenegerian Domo,Riau,KAMPAR,Kampar Kiri Hulu,Ada,Terverifikasi,Ada,https://brwa.or.id/wa/view/TC1FV0M3cUZsRWM
168,UDRDakU3NG5xVDQ,01 Okt 2021,Mla Klagilit Maburu – Mawera,Papua Barat,SORONG,Distrik Moi Sigin,Ada,Terverifikasi,Ada,https://brwa.or.id/wa/view/UDRDakU3NG5xVDQ
169,SVppbFJQWlBEWkk,01 Okt 2021,Gelarang Sipi,Nusa Tenggara Timur,MANGGARAI TIMUR,Elar Selatan,Ada,Terverifikasi,Ada,https://brwa.or.id/wa/view/SVppbFJQWlBEWkk
170,SWZ4ZVZKelNNeGM,01 Okt 2021,Bukit Sembahyang Padun Gelanggang,Jambi,KERINCI,Siulak,Ada,Terverifikasi,Ada,https://brwa.or.id/wa/view/SWZ4ZVZKelNNeGM
171,S29zV3FKOXJ1U00,01 Okt 2021,Depati Biang Sari,Jambi,KERINCI,"Bukit Kerman,Danau Kerinci,Batang Merangin,Keliling Danau",Ada,Terverifikasi,Ada,https://brwa.or.id/wa/view/S29zV3FKOXJ1U00
172,NVZEX3lPczdnbVU,30 Sep 2021,Luhak Tambusai,Riau,ROKAN HULU,Tambusai,Tidak Ada,Teregistrasi,Ada,https://brwa.or.id/wa/view/NVZEX3lPczdnbVU
173,MUpFWUVoODlDM1U,22 Mei 2020,Punan Hovongan Tanjung Lokang,Kalimantan Barat,KAPUAS HULU,PUTUSSIBAU UTARA,Ada,Tersertifikasi,Ada,https://brwa.or.id/wa/view/MUpFWUVoODlDM1U
174,QUtGYWRCNFowWmM,01 Sep 2021,Tabam Rae Roo Mana Baho,Papua Barat,MAYBRAT,Aifat,Ada,Teregistrasi,Ada,https://brwa.or.id/wa/view/QUtGYWRCNFowWmM
175,ZlJQU1Z4eGx0YmM,27 Mei 2021,Ketemengungan Punan Uheng Kereho,Kalimantan Barat,KAPUAS HULU,PUTUSSIBAU SELATAN,Ada,Tersertifikasi,Ada,https://brwa.or.id/wa/view/ZlJQU1Z4eGx0YmM
176,d2VNYkNhN1E4Q2s,27 Sep 2020,Roby Digan Mo Lang,Papua,JAYAPURA,Unurum Guay,Ada,Terverifikasi,Ada,https://brwa.or.id/wa/view/d2VNYkNhN1E4Q2s
177,RDVWYndhR0kyRU0,16 Mar 2021,Mefmen Mouw  Ogoney,Papua Barat,TELUK BINTUNI,Merdey,Ada,Terverifikasi,Ada,https://brwa.or.id/wa/view/RDVWYndhR0kyRU0
178,ZHAtWFBOTEY3SE0,06 Jan 2021,Barata Barata Kahedupa Pulo Kaledupa,Sulawesi Tenggara,WAKATOBI,Kaledupa dan Kaledupa Selatan,Ada,Teregistrasi,Tidak Ada,https://brwa.or.id/wa/view/ZHAtWFBOTEY3SE0
179,blBaVDBLMkh4VFE,16 Des 2020,Dayak Seberuang Kampung Silit,Kalimantan Barat,SINTANG,SEPAUK,Ada,Teregistrasi,Ada,https://brwa.or.id/wa/view/blBaVDBLMkh4VFE
180,X2tpVU9KYlNrYXc,10 Sep 2020,Wewidangan Catur Desa Adat Dalem Tamblingan.,Bali,BULELENG,Banjar dan Busungbiu,Ada,Terverifikasi,Ada,https://brwa.or.id/wa/view/X2tpVU9KYlNrYXc
181,TExGd29nWFkzZ1E,16 Jan 2019,Laman Boyutn,Kalimantan Barat,MELAWI,SOKAN,Ada,Tersertifikasi,Ada,https://brwa.or.id/wa/view/TExGd29nWFkzZ1E
182,b2lDQXJkMVNISDQ,01 Sep 2020,Wewidangan Desa Adat Mujaning Tembeling,Bali,KLUNGKUNG,Nusa Penida,Ada,Terverifikasi,Ada,https://brwa.or.id/wa/view/b2lDQXJkMVNISDQ
183,V1ZBYWJFSXEzd2s,19 Jan 2019,Sebotok,Nusa Tenggara Barat,SUMBAWA,Labuan Badas,Ada,Teregistrasi,Ada,https://brwa.or.id/wa/view/V1ZBYWJFSXEzd2s
184,eGNWSWZRZnVfU0U,18 Ags 2020,Ngata Moa,Sulawesi Tengah,SIGI,Kulawi Selatan,Ada,Teregistrasi,Ada,https://brwa.or.id/wa/view/eGNWSWZRZnVfU0U
185,TjcwNnZEM0FwXzA,17 Mei 2019,"Huta Langge Langge, Talian Lumban Nahor, Bius Lobu Tua.",Sumatera Utara,SAMOSIR,Palipi,Ada,Terverifikasi,Ada,https://brwa.or.id/wa/view/TjcwNnZEM0FwXzA
186,dnJTalllMVhkYUE,05 Ags 2015,Tana Bu’u Bi’i Tinabani,Nusa Tenggara Timur,ENDE,Ende,Tidak Ada,Teregistrasi,Ada,https://brwa.or.id/wa/view/dnJTalllMVhkYUE
187,b0xKTmJmX2dTb00,04 Ags 2015,Bayan,Nusa Tenggara Barat,LOMBOK UTARA,Bayan dan Kayangan.,Ada,Terverifikasi,Ada,https://brwa.or.id/wa/view/b0xKTmJmX2dTb00
188,MlVDSTB5d2hKR1U,04 Ags 2015,Wewengkon Adat Dukuh,Jawa Barat,GARUT,Cikelet,Tidak Ada,Terverifikasi,Tidak Ada,https://brwa.or.id/wa/view/MlVDSTB5d2hKR1U
189,bzdkSHdQVDJ1R2M,15 Jun 2020,Marga Awujani dan Maramoy Suku Miere,Papua Barat,KAIMANA,Teluk Etna,Ada,Teregistrasi,Ada,https://brwa.or.id/wa/view/bzdkSHdQVDJ1R2M
190,cjdZZ1Q0T2lfd2M,15 Jun 2020,Suku Gua Selatan,Papua Barat,KAIMANA,Yamor,Ada,Teregistrasi,Ada,https://brwa.or.id/wa/view/cjdZZ1Q0T2lfd2M
191,RmRoaUNRbTdsWHc,27 Apr 2020,Komplek Nanga Tubuk,Kalimantan Barat,KAPUAS HULU,KALIS,Ada,Tersertifikasi,Ada,https://brwa.or.id/wa/view/RmRoaUNRbTdsWHc
192,MnBfY3NDZUxVWlk,01 Mei 2020,Komplek Rantau Kalis,Kalimantan Barat,KAPUAS HULU,KALIS,Ada,Tersertifikasi,Ada,https://brwa.or.id/wa/view/MnBfY3NDZUxVWlk
193,Qm45NjBoeWNPZjQ,29 Sep 2016,Tanah udhu pu’u muku eko rewu sura Nggua righo/Boa feo,Nusa Tenggara Timur,ENDE,Maukaro,Tidak Ada,Teregistrasi,Ada,https://brwa.or.id/wa/view/Qm45NjBoeWNPZjQ
194,SktxQlhFZGI5c1E,13 Apr 2020,Kenegerian Air Tiris,Riau,KAMPAR,Kampar & Kampar Utara,Tidak Ada,Teregistrasi,Ada,https://brwa.or.id/wa/view/SktxQlhFZGI5c1E
195,UElPX3BWejF5bG8,18 Mar 2020,Kampung Kubu-Jalutukng,Kalimantan Barat,LANDAK,Sengah Temila,Tidak Ada,Teregistrasi,Ada,https://brwa.or.id/wa/view/UElPX3BWejF5bG8
196,LUE0bTRhczU1eDA,17 Mar 2020,Turotak Kenegrian kuok,Riau,KAMPAR,Kuok,Ada,Teregistrasi,Ada,https://brwa.or.id/wa/view/LUE0bTRhczU1eDA
197,Z0VPYU1FZ1lXN2M,16 Mar 2020,Salo,Riau,KAMPAR,17320,Tidak Ada,Teregistrasi,Ada,https://brwa.or.id/wa/view/Z0VPYU1FZ1lXN2M
198,c1NmNHB4eEIwcVk,13 Mar 2020,Kenegerian Umbio,Riau,KAMPAR,17320,Tidak Ada,Teregistrasi,Ada,https://brwa.or.id/wa/view/c1NmNHB4eEIwcVk
199,UjN6ZU9rVWZGb2c,09 Mar 2020,Bittuang,Sulawesi Selatan,TANA TORAJA,"Awan, Kurra,Bittuang",Ada,Terverifikasi,Tidak Ada,https://brwa.or.id/wa/view/UjN6ZU9rVWZGb2c
200,ME9zajFfNlBlVms,09 Mar 2020,Bua’ Malimbong,Sulawesi Selatan,TANA TORAJA,MALIMBONG BALEPE’,Ada,Terverifikasi,Tidak Ada,https://brwa.or.id/wa/view/ME9zajFfNlBlVms
201,V284OHBOTEZZTGM,25 Apr 2012,Lili'na Piongan,Sulawesi Selatan,TORAJA UTARA,Kecamatan Dende’ Piongan Napo,Ada,Terverifikasi,Ada,https://brwa.or.id/wa/view/V284OHBOTEZZTGM
202,MU16Y3BSMXJoZUE,09 Mar 2020,Lili'na Tondon,Sulawesi Selatan,TORAJA UTARA,Tondon,Ada,Terverifikasi,Ada,https://brwa.or.id/wa/view/MU16Y3BSMXJoZUE
203,RHp1dUg0cWhIcVk,09 Mar 2020,Lili’na (Ulusalu),Sulawesi Selatan,TANA TORAJA,Saluputti,Ada,Terverifikasi,Tidak Ada,https://brwa.or.id/wa/view/RHp1dUg0cWhIcVk
204,LTNmNk9DRXQyVHM,11 Okt 2018,Kalebu Praingu (Pataningu Wua Ka’mba),Nusa Tenggara Timur,SUMBA TIMUR,Rindi,Ada,Teregistrasi,Tidak Ada,https://brwa.or.id/wa/view/LTNmNk9DRXQyVHM
205,aml1aDAyQXFwaDg,20 Feb 2020,Mukim Lamteuba,Aceh,ACEH BESAR,Seulimeum,Ada,Teregistrasi,Ada,https://brwa.or.id/wa/view/aml1aDAyQXFwaDg
206,eWZ3N19CclFGbHM,25 Apr 2012,Ngata Puwatua,Sulawesi Tengah,SIGI,Kulawi,Ada,Terverifikasi,Ada,https://brwa.or.id/wa/view/eWZ3N19CclFGbHM
207,UTJ4RWdsUmJqOHM,07 Feb 2020,Burr Yembra Kwebin Su (Tabam Rae Baa Sakof),Papua Barat,TAMBRAUW,Fef,Ada,Terverifikasi,Ada,https://brwa.or.id/wa/view/UTJ4RWdsUmJqOHM
208,RUZLbURtVG9SVDg,06 Feb 2020,Tabam Rae Tafi,Papua Barat,TAMBRAUW,Fef,Ada,Tersertifikasi,Ada,https://brwa.or.id/wa/view/RUZLbURtVG9SVDg
209,eVkwVmhtTkhITWM,13 Feb 2020,Ompi Kotib - Tebilai,Kalimantan Barat,SANGGAU,BONTI,Ada,Terverifikasi,Ada,https://brwa.or.id/wa/view/eVkwVmhtTkhITWM
210,bmFPc0JRZTdxOU0,12 Feb 2020,Ompi Torus,Kalimantan Barat,SANGGAU,BONTI,Ada,Terverifikasi,Ada,https://brwa.or.id/wa/view/bmFPc0JRZTdxOU0
211,blJTMENyY1JObnM,23 Jan 2018,Huta Tornauli,Sumatera Utara,TAPANULI UTARA,Parmonangan,Ada,Terverifikasi,Ada,https://brwa.or.id/wa/view/blJTMENyY1JObnM
212,a055a2k0WDN2NmM,07 Des 2019,Huta Natumingka,Sumatera Utara,TOBA SAMOSIR,Borbor,Ada,Terverifikasi,Ada,https://brwa.or.id/wa/view/a055a2k0WDN2NmM
213,TWFDcGFCcDZDX0k,17 Jan 2019,Sadei Air Lanang,Bengkulu,REJANG LEBONG,Curup Selatan,Ada,Terverifikasi,Ada,https://brwa.or.id/wa/view/TWFDcGFCcDZDX0k
214,VTdaMGhhY0hHMjA,16 Jan 2019,Kampukng Karangan Panjang,Kalimantan Barat,MELAWI,SOKAN,Ada,Terverifikasi,Ada,https://brwa.or.id/wa/view/VTdaMGhhY0hHMjA
215,RUdPQzlaN0lya0k,16 Jan 2019,kampukng Laman Talue,Kalimantan Barat,MELAWI,SOKAN,Ada,Terverifikasi,Ada,https://brwa.or.id/wa/view/RUdPQzlaN0lya0k
216,M01SeE5IWHBKRHc,25 Nop 2019,Dayak Seberuang Ansok,Kalimantan Barat,SINTANG,TEMPUNAK,Ada,Terverifikasi,Ada,https://brwa.or.id/wa/view/M01SeE5IWHBKRHc
217,VkQ2akdIbmRnN1E,25 Nop 2019,Dayak Seberuang Riam Batu,Kalimantan Barat,SINTANG,TEMPUNAK,Ada,Terverifikasi,Ada,https://brwa.or.id/wa/view/VkQ2akdIbmRnN1E
218,X19rWmhFYWZndjA,09 Des 2019,Bakungan,Jawa Timur,BANYUWANGI,Glagah,Ada,Teregistrasi,Tidak Ada,https://brwa.or.id/wa/view/X19rWmhFYWZndjA
219,cEZXbWFDcUQ4WXc,09 Des 2019,Demianus Yesawen Birburdeti (Tanah ulayat sub Marga),Papua Barat,TAMBRAUW,Abun,Ada,Teregistrasi,Ada,https://brwa.or.id/wa/view/cEZXbWFDcUQ4WXc
220,VjhNYVVFTzdtOHM,09 Des 2019,Ketemenggungan Iban Menua Sadap,Kalimantan Barat,KAPUAS HULU,Embaloh Hulu,Ada,Terverifikasi,Ada,https://brwa.or.id/wa/view/VjhNYVVFTzdtOHM
221,YVdJLWJrRFdHWlk,09 Des 2019,Ketemangungan Tamambaloh,Kalimantan Barat,KAPUAS HULU,Embaloh Hulu,Ada,Terverifikasi,Ada,https://brwa.or.id/wa/view/YVdJLWJrRFdHWlk
222,c01VeW10T2N2ZUk,07 Des 2019,Sigapiton,Sumatera Utara,TOBA SAMOSIR,Ajibata,Ada,Terverifikasi,Ada,https://brwa.or.id/wa/view/c01VeW10T2N2ZUk
223,bDVHOGVfYzR2Mkk,06 Des 2019,Menua Iban Kulan,Kalimantan Barat,KAPUAS HULU,EMBALOH HULU,Ada,Tersertifikasi,Ada,https://brwa.or.id/wa/view/bDVHOGVfYzR2Mkk
224,Q3VZNzVqQjlSTlU,05 Des 2019,Tabera,Nusa Tenggara Timur,SUMBA BARAT,-,Ada,Teregistrasi,Tidak Ada,https://brwa.or.id/wa/view/Q3VZNzVqQjlSTlU
225,LThEdllyQ1h4LVU,05 Jul 2019,Gendang Ngkiong,Nusa Tenggara Timur,MANGGARAI TIMUR,Poco Ranaka Timur,Ada,Tersertifikasi,Ada,https://brwa.or.id/wa/view/LThEdllyQ1h4LVU
226,dzh3Qi1JaGZjY00,05 Jul 2019,Gelarang Lawi,Nusa Tenggara Timur,MANGGARAI TIMUR,Sambi Rampas,Ada,Tersertifikasi,Ada,https://brwa.or.id/wa/view/dzh3Qi1JaGZjY00
227,NGl0SjB3T1hlbTg,05 Jul 2018,Wongko Lebo Kaju Wangi,Nusa Tenggara Timur,MANGGARAI TIMUR,Elar,Ada,Terverifikasi,Ada,https://brwa.or.id/wa/view/NGl0SjB3T1hlbTg
228,YVhnei1ldXlRNWs,05 Des 2019,Wolomari,Nusa Tenggara Timur,ENDE,Maukaro,Ada,Terverifikasi,Ada,https://brwa.or.id/wa/view/YVhnei1ldXlRNWs
229,UHY1dFZDZ1ZvMEk,05 Jul 2019,Nua Saga,Nusa Tenggara Timur,ENDE,Detusoko,Ada,Terverifikasi,Ada,https://brwa.or.id/wa/view/UHY1dFZDZ1ZvMEk
230,SjN2cXZYN3ViREk,05 Jul 2019,Nua Paumere,Nusa Tenggara Timur,ENDE,Nangapanda,Ada,Teregistrasi,Ada,https://brwa.or.id/wa/view/SjN2cXZYN3ViREk
231,UmhNaEs0MWRETkU,05 Jul 2019,Nua Boafeo,Nusa Tenggara Timur,ENDE,Maukaro,Ada,Terverifikasi,Ada,https://brwa.or.id/wa/view/UmhNaEs0MWRETkU
232,bmpMRllrRHZldDQ,05 Des 2019,Lewu Tumbang Kuayan,Kalimantan Tengah,GUNUNG MAS,Rungan Barat,Ada,Tersertifikasi,Ada,https://brwa.or.id/wa/view/bmpMRllrRHZldDQ
233,SHJnRkMzWWZmVjg,05 Des 2019,Animha,Papua,MERAUKE,-,Ada,Teregistrasi,Ada,https://brwa.or.id/wa/view/SHJnRkMzWWZmVjg
234,LUVhMEM1LWxidXM,05 Des 2019,Wanijan,Papua,YAPEN WAROPEN,-,Ada,Teregistrasi,Ada,https://brwa.or.id/wa/view/LUVhMEM1LWxidXM
235,R19pLWRMZ3h0Y0U,05 Des 2019,To Kulawi Ngata Sungku,Sulawesi Tengah,SIGI,Kulawi,Ada,Terverifikasi,Ada,https://brwa.or.id/wa/view/R19pLWRMZ3h0Y0U
236,RU1XWlBzcFAwajQ,05 Des 2019,Manere,Papua,YAPEN WAROPEN,-,Ada,Teregistrasi,Ada,https://brwa.or.id/wa/view/RU1XWlBzcFAwajQ
237,RUZkeGRBUmpkR2s,05 Des 2019,Kemtuik,Papua,JAYAPURA,Distrik Kemtuik dan Distrik Gresi Selatan,Ada,Terverifikasi,Ada,https://brwa.or.id/wa/view/RUZkeGRBUmpkR2s
238,RXBTVnRYVkZjUlE,05 Des 2019,Klesi,Papua,JAYAPURA,-,Ada,Teregistrasi,Ada,https://brwa.or.id/wa/view/RXBTVnRYVkZjUlE
239,WVZhQlU1OFdXNGc,05 Des 2019,Lili'na Kesu',Sulawesi Selatan,TORAJA UTARA,"Kecamatan Kesu’, Kecamatan Sanggalangi, Kecamatan  Sopai, dan Kecamatan Rantepao",Ada,Tersertifikasi,Ada,https://brwa.or.id/wa/view/WVZhQlU1OFdXNGc
240,YkQ1REQ4cGhZZHM,25 Apr 2012,Penanian Sanggalla,Sulawesi Selatan,TANA TORAJA,"Sanggalla’, Sangala’ Utara, Sangala’ Selatan, Makale, Mengkendek",Ada,Teregistrasi,Tidak Ada,https://brwa.or.id/wa/view/YkQ1REQ4cGhZZHM
241,T2UwaU5tWG9xS2M,05 Des 2019,Cenreangin,Sulawesi Selatan,SIDENRENG RAPPANG,Kulo,Ada,Teregistrasi,Tidak Ada,https://brwa.or.id/wa/view/T2UwaU5tWG9xS2M
242,NkJkWDJOWGpUSFk,05 Des 2019,Bululewang,Sulawesi Selatan,MAROS,Tompobulu,Ada,Teregistrasi,Tidak Ada,https://brwa.or.id/wa/view/NkJkWDJOWGpUSFk
243,ZnVaVElJRnVSQUE,08 Apr 2016,Sulaku (hullaku),Sulawesi Selatan,LUWU UTARA,Rampi,Ada,Terverifikasi,Ada,https://brwa.or.id/wa/view/ZnVaVElJRnVSQUE
244,T1RzazAwc0VTaFE,05 Des 2019,Arapongka,Sulawesi Selatan,LUWU UTARA,-,Ada,Teregistrasi,Ada,https://brwa.or.id/wa/view/T1RzazAwc0VTaFE
245,eVJXdEt6T2pCaEU,05 Des 2019,Tore'a,Sulawesi Selatan,LUWU TIMUR,Malili,Ada,Teregistrasi,Ada,https://brwa.or.id/wa/view/eVJXdEt6T2pCaEU
246,cHdHcEl6dHFkNkU,23 Apr 2012,Bulutana,Sulawesi Selatan,GOWA,Tinggi-Moncong,Ada,Teregistrasi,Tidak Ada,https://brwa.or.id/wa/view/cHdHcEl6dHFkNkU
247,eVltTXI3akxseUU,09 Sep 2019,Kampung Lanso,Kalimantan Barat,LANDAK,Sangah Temila,Ada,Teregistrasi,Ada,https://brwa.or.id/wa/view/eVltTXI3akxseUU
248,ZTlHUUtRZlV4azg,09 Sep 2019,Kampung Sa’ango,Kalimantan Barat,LANDAK,Sengah Temila,Ada,Terverifikasi,Ada,https://brwa.or.id/wa/view/ZTlHUUtRZlV4azg
249,a3NGOHUybzVnV3c,10 Apr 2018,Sup Fyor Auwr,Papua,BIAK NUMFOR,Distrik Biak Timur dan Distrik Oridek,Ada,Teregistrasi,Ada,https://brwa.or.id/wa/view/a3NGOHUybzVnV3c
250,V2xtOVZEcl83LU0,23 Okt 2018,Huta Utte Anggir Dolok Parmonangan,Sumatera Utara,SIMALUNGUN,Dolok Panriburan,Ada,Tersertifikasi,Tidak Ada,https://brwa.or.id/wa/view/V2xtOVZEcl83LU0
251,bTNfVHJFM2RSaTg,22 Apr 2012,Leu Karamuan Jaga Leket,Kalimantan Tengah,BARITO UTARA,Lahei Barat,Ada,Terverifikasi,Ada,https://brwa.or.id/wa/view/bTNfVHJFM2RSaTg
252,dmMybmg3TUM2TG8,11 Okt 2018,Sadei  Tik Tebing,Bengkulu,LEBONG,Lebong Atas,Ada,Terverifikasi,Ada,https://brwa.or.id/wa/view/dmMybmg3TUM2TG8
253,RUVnUEJ6ZkFJRTA,12 Okt 2018,Rejang Lubuk Kembang,Bengkulu,REJANG LEBONG,Curup Utara,Ada,Terverifikasi,Ada,https://brwa.or.id/wa/view/RUVnUEJ6ZkFJRTA
254,cmt3clZJb19WdjA,10 Des 2015,Pnu Banemo (Boton Banemo),Maluku Utara,HALMAHERA TENGAH,Patani Barat,Ada,Terverifikasi,Tidak Ada,https://brwa.or.id/wa/view/cmt3clZJb19WdjA
255,YWhPODJCMkhNeDg,01 Jan 2018,Huta Balian,Sumatera Utara,SAMOSIR,Sianjur Mula-mula,Ada,Terverifikasi,Ada,https://brwa.or.id/wa/view/YWhPODJCMkhNeDg
256,eU9zVzhZXzM4Mmc,24 Sep 2018,Gelarang Colol,Nusa Tenggara Timur,MANGGARAI TIMUR,Poco Ranaka Timur,Ada,Tersertifikasi,Ada,https://brwa.or.id/wa/view/eU9zVzhZXzM4Mmc
257,NTRtUXpuUzI4Szg,02 Okt 2018,Simataniari (Bintang Maria-Pargamanan),Sumatera Utara,HUMBANG HASUNDUTAN,Parlilitan,Ada,Terverifikasi,Ada,https://brwa.or.id/wa/view/NTRtUXpuUzI4Szg
258,YkstQUprZDUxSEU,02 Okt 2018,Onan Harbangan (Nagasaribu),Sumatera Utara,TAPANULI UTARA,Siborongborong,Ada,Terverifikasi,Ada,https://brwa.or.id/wa/view/YkstQUprZDUxSEU
259,bGpUZWJFeHVHcVk,02 Okt 2018,Nagahulambu,Sumatera Utara,SIMALUNGUN,Dolok Panribuan,Ada,Teregistrasi,Tidak Ada,https://brwa.or.id/wa/view/bGpUZWJFeHVHcVk
260,eFQyMVJIYmJwSFU,02 Okt 2018,Keturunan Ama Raja Medang Simamora,Sumatera Utara,HUMBANG HASUNDUTAN,Dolok Sanggul,Ada,Terverifikasi,Ada,https://brwa.or.id/wa/view/eFQyMVJIYmJwSFU
261,cjRJNW1vQXAycHc,02 Okt 2018,Napa Nagodang Keturunan Op. Bolus Simanjuntak dan Op. Ronggur Simanjuntak,Sumatera Utara,TAPANULI UTARA,Sipahutar,Ada,Terverifikasi,Ada,https://brwa.or.id/wa/view/cjRJNW1vQXAycHc
262,NGJYa1RlVXROOHM,02 Okt 2018,Masyarakat Adat Bius Hutaginjang,Sumatera Utara,TAPANULI UTARA,Muara,Ada,Terverifikasi,Ada,https://brwa.or.id/wa/view/NGJYa1RlVXROOHM
263,Tlc3MnNtR2FrbFU,11 Okt 2018,Masyarakat Adat Golat Simbolon,Sumatera Utara,SAMOSIR,Ronggur Ni Huta,Ada,Teregistrasi,Ada,https://brwa.or.id/wa/view/Tlc3MnNtR2FrbFU
264,OFFCZnlNbC1iNUU,11 Okt 2018,Golat Naibaho,Sumatera Utara,SAMOSIR,Ronggur Ni Huta,Ada,Terverifikasi,Ada,https://brwa.or.id/wa/view/OFFCZnlNbC1iNUU
265,VkdseGw5STdrNlE,05 Sep 2018,Huta Ompu Pagumban Bosi Simanjuntak,Sumatera Utara,TAPANULI UTARA,Sipahutar,Tidak Ada,Teregistrasi,Ada,https://brwa.or.id/wa/view/VkdseGw5STdrNlE
266,YlpmSWREX1drUjQ,05 Sep 2018,Huta Simenak Enak,Sumatera Utara,TOBA SAMOSIR,Habinsaran,Ada,Terverifikasi,Ada,https://brwa.or.id/wa/view/YlpmSWREX1drUjQ
267,c2RRa1RUUmwzRzg,05 Sep 2018,Huta Ranggitgit,Sumatera Utara,TAPANULI UTARA,Parmonangan,Ada,Teregistrasi,Ada,https://brwa.or.id/wa/view/c2RRa1RUUmwzRzg
268,bG1aaUk5OTRnUGs,05 Jul 2018,Kampung Andulang,Sulawesi Selatan,ENREKANG,Maiwa,Ada,Terverifikasi,Ada,https://brwa.or.id/wa/view/bG1aaUk5OTRnUGs
269,clFOeHZqNlRoWEU,05 Jul 2018,Kampong Angge Buntu Dea Kaju,Sulawesi Selatan,ENREKANG,Baraka,Ada,Terverifikasi,Ada,https://brwa.or.id/wa/view/clFOeHZqNlRoWEU
270,aTdPeFdJVzNHOU0,05 Jul 2018,Kalupini,Sulawesi Selatan,ENREKANG,Enrekang,Ada,Terverifikasi,Ada,https://brwa.or.id/wa/view/aTdPeFdJVzNHOU0
271,cEZqN2Jka2VweEk,05 Sep 2018,Huta Sihaporas,Sumatera Utara,SIMALUNGUN,Pematang Sidamanik,Ada,Tersertifikasi,Tidak Ada,https://brwa.or.id/wa/view/cEZqN2Jka2VweEk
272,c25Qd1dzRndWTEE,18 Mar 2017,Kedatuan Tatar,Nusa Tenggara Barat,SUMBAWA BARAT,Sekongkang,Ada,Tersertifikasi,Ada,https://brwa.or.id/wa/view/c25Qd1dzRndWTEE
273,ZVk0YkpCQnBQMGM,08 Jun 2017,luala adat akung long beluah,Kalimantan Utara,BULUNGAN,Tanjung palas barat,Ada,Teregistrasi,Ada,https://brwa.or.id/wa/view/ZVk0YkpCQnBQMGM
274,VFVwcmNSMllEcG8,20 Apr 2012,Kampong Pasang,Sulawesi Selatan,ENREKANG,Maiwa,Ada,Teregistrasi,Ada,https://brwa.or.id/wa/view/VFVwcmNSMllEcG8
275,SlA4ZHZXcGVtSkU,10 Des 2016,Orang Rimba Makekal Hulu,Jambi,TEBO,Muara Tabir dan Muarosebo Ulu,Ada,Teregistrasi,Ada,https://brwa.or.id/wa/view/SlA4ZHZXcGVtSkU
276,NDJPc0l6aEhvbXc,26 Apr 2018,Ngata Wisolo,Sulawesi Tengah,SIGI,Dolo Selatan,Ada,Tersertifikasi,Ada,https://brwa.or.id/wa/view/NDJPc0l6aEhvbXc
277,dC13T2lsb1BlUlk,21 Apr 2018,Ngata Raranggonau,Sulawesi Tengah,SIGI,Biromaru,Ada,Tersertifikasi,Ada,https://brwa.or.id/wa/view/dC13T2lsb1BlUlk
278,Qm9HbUdkUEVUV3c,27 Jul 2013,Lowu Tumbang Hatung,Kalimantan Tengah,GUNUNG MAS,Miri Manasa,Ada,Terverifikasi,Ada,https://brwa.or.id/wa/view/Qm9HbUdkUEVUV3c
279,ZHpjeWRqRDV1MEk,21 Okt 2015,Polak Teteu / Tiop,Sumatera Barat,KEPULAUAN MENTAWAI,Siberut Barat Daya,Ada,Teregistrasi,Ada,https://brwa.or.id/wa/view/ZHpjeWRqRDV1MEk
280,V1EtcUw5dlVLMGc,21 Okt 2015,Salappak,Sumatera Barat,KEPULAUAN MENTAWAI,Siberut Selatan,Ada,Teregistrasi,Ada,https://brwa.or.id/wa/view/V1EtcUw5dlVLMGc
281,bFZxQTNRazNyVGM,21 Okt 2015,Polak Teteu / Tolou Loggo,Sumatera Barat,KEPULAUAN MENTAWAI,Siberut Barat Daya,Tidak Ada,Teregistrasi,Ada,https://brwa.or.id/wa/view/bFZxQTNRazNyVGM
282,SFEzNzU5TklBb2c,21 Okt 2015,Polak Teteu / Puro,Sumatera Barat,KEPULAUAN MENTAWAI,Siberut Selatan,Ada,Teregistrasi,Ada,https://brwa.or.id/wa/view/SFEzNzU5TklBb2c
283,a0oxdU84Y3pqcm8,21 Okt 2015,Muntogat Parak Batu,Sumatera Barat,KEPULAUAN MENTAWAI,Pagai selatan,Ada,Teregistrasi,Ada,https://brwa.or.id/wa/view/a0oxdU84Y3pqcm8
284,NWhJc21UZWRVTW8,22 Okt 2015,Polak Muttogat Suku Mentawai,Sumatera Barat,KEPULAUAN MENTAWAI,Sipora Selatan,Ada,Teregistrasi,Ada,https://brwa.or.id/wa/view/NWhJc21UZWRVTW8
285,NUV4LThyVnhjcmM,23 Apr 2012,Kampong Pattallassang,Sulawesi Selatan,GOWA,Tomnolo Pao,Ada,Teregistrasi,Tidak Ada,https://brwa.or.id/wa/view/NUV4LThyVnhjcmM
286,Q055OHVhNWhXZ1k,12 Jan 2015,Gotap,Sumatera Barat,KEPULAUAN MENTAWAI,Siberut tengah,Ada,Teregistrasi,Ada,https://brwa.or.id/wa/view/Q055OHVhNWhXZ1k
287,akhwLUFFR3hCMUU,18 Jan 2018,Kampong Sando Batu,Sulawesi Selatan,SIDENRENG RAPPANG,Pitu Riase,Ada,Teregistrasi,Tidak Ada,https://brwa.or.id/wa/view/akhwLUFFR3hCMUU
288,NmNPUXhwNERaUFE,23 Apr 2012,Lili'na Balusu,Sulawesi Selatan,TORAJA UTARA,"Kecamatan Balusu, Kecamatan Sesean dan Kecamatan Nanggala",Ada,Tersertifikasi,Ada,https://brwa.or.id/wa/view/NmNPUXhwNERaUFE
289,WmtpZDIwSm1DOG8,18 Jul 2013,Lewu Sekata,Kalimantan Tengah,GUNUNG MAS,Tewah,Ada,Terverifikasi,Ada,https://brwa.or.id/wa/view/WmtpZDIwSm1DOG8
290,bE51cm81UlNfZ0k,18 Jan 2018,Lou Payang,Kalimantan Tengah,BARITO UTARA,Gunung Purei,Ada,Teregistrasi,Ada,https://brwa.or.id/wa/view/bE51cm81UlNfZ0k
291,aktTRkNPczdMWmc,18 Jan 2018,Hukae Laea-Moronene,Sulawesi Tenggara,BOMBANA,Lantari Jaya,Ada,Teregistrasi,Ada,https://brwa.or.id/wa/view/aktTRkNPczdMWmc
292,XzYtblpPR3lDUjg,02 Des 2015,Nua Wologai (Tanah Siga Ria Watu Rembu Rewa),Nusa Tenggara Timur,ENDE,Ende,Ada,Terverifikasi,Ada,https://brwa.or.id/wa/view/XzYtblpPR3lDUjg
293,VzNBZ0FNb1ZWNXc,17 Jan 2018,Legong,Kalimantan Barat,KETAPANG,Simpang Hulu,Ada,Teregistrasi,Ada,https://brwa.or.id/wa/view/VzNBZ0FNb1ZWNXc
294,aTYxUHFyMGVLRW8,17 Jan 2018,Menua Iban Ungak,Kalimantan Barat,KAPUAS HULU,EMBALOH HULU,Ada,Tersertifikasi,Ada,https://brwa.or.id/wa/view/aTYxUHFyMGVLRW8
295,R2RmT0lRSXZnNFU,18 Mar 2017,Riu,Nusa Tenggara Barat,SUMBAWA,Batulanteh,Ada,Teregistrasi,Ada,https://brwa.or.id/wa/view/R2RmT0lRSXZnNFU
296,d3puVlFlaVA5bm8,18 Mar 2017,Lar Pusu,Nusa Tenggara Barat,SUMBAWA,Batulanteh,Ada,Teregistrasi,Ada,https://brwa.or.id/wa/view/d3puVlFlaVA5bm8
297,Y21ZYzhUUjZmMzg,27 Sep 2015,Serawai Lubuk Lagan,Bengkulu,SELUMA,Talo Kecil,Ada,Teregistrasi,Ada,https://brwa.or.id/wa/view/Y21ZYzhUUjZmMzg
298,emlNcENUTy1xOWc,15 Jan 2015,Desa Adat Osing Kemiren,Jawa Timur,BANYUWANGI,Glagah,Ada,Teregistrasi,Tidak Ada,https://brwa.or.id/wa/view/emlNcENUTy1xOWc
299,czR6dFhSZHNjTmc,14 Okt 2012,Gampong Tuwi Kareung,Aceh,ACEH JAYA,Pasie Jaya,Ada,Teregistrasi,Ada,https://brwa.or.id/wa/view/czR6dFhSZHNjTmc
300,bUk5TVNoNHlqWEU,14 Nop 2012,Gampong Ruyung,Aceh,ACEH BESAR,Mesjid Raya,Ada,Teregistrasi,Ada,https://brwa.or.id/wa/view/bUk5TVNoNHlqWEU
301,VlBmN1IwZUxnbHM,12 Jan 2018,Dopok  Enggano,Bengkulu,BENGKULU UTARA,Enggano,Ada,Terverifikasi,Tidak Ada,https://brwa.or.id/wa/view/VlBmN1IwZUxnbHM
302,ck8yOXJyLWJBNXc,12 Okt 2016,Kampu Towera,Sulawesi Tengah,PARIGI MOUTONG,Siniu,Ada,Tersertifikasi,Tidak Ada,https://brwa.or.id/wa/view/ck8yOXJyLWJBNXc
303,YkY0ZFVnVTVUSUU,11 Nop 2015,Kampong Salu Tepa,Sulawesi Selatan,LUWU,Laromong (Rante Alang),Ada,Terverifikasi,Ada,https://brwa.or.id/wa/view/YkY0ZFVnVTVUSUU
304,UllyLTRmS1JWREE,28 Mar 2016,Lipu Lodang,Sulawesi Selatan,LUWU UTARA,Seko,Ada,Terverifikasi,Ada,https://brwa.or.id/wa/view/UllyLTRmS1JWREE
305,aVN2eThxQmQxQUE,25 Apr 2012,Tondok (Kampung) Ada’ Kujan,Sulawesi Selatan,LUWU,Walenrang Barat,Ada,Terverifikasi,Ada,https://brwa.or.id/wa/view/aVN2eThxQmQxQUE
306,Ykxkc0ZrZWxMNnM,13 Mei 2015,Tondok (Kampung) Kalean Manik,Sulawesi Selatan,LUWU,Walenrang Barat,Ada,Terverifikasi,Ada,https://brwa.or.id/wa/view/Ykxkc0ZrZWxMNnM
307,TnJDZkJGXzBfOGs,23 Mar 2016,Tondok (kampung) Kariango,Sulawesi Selatan,LUWU UTARA,Seko,Ada,Terverifikasi,Ada,https://brwa.or.id/wa/view/TnJDZkJGXzBfOGs
308,aGxrSmpFOFNEU0U,17 Apr 2016,Tondok (kampung) Buntu Bai (Minanga),Sulawesi Selatan,LUWU UTARA,Rongkong,Ada,Terverifikasi,Ada,https://brwa.or.id/wa/view/aGxrSmpFOFNEU0U
309,RnItUTFEc21FMlk,26 Apr 2016,Tondok (kampung) Kawalean,Sulawesi Selatan,LUWU UTARA,Rongkong,Ada,Terverifikasi,Ada,https://brwa.or.id/wa/view/RnItUTFEc21FMlk
310,NXd0bFlSTFNEcDQ,30 Jul 2015,Desa To Bada Tomehipi,Sulawesi Tengah,POSO,Lore Selatan,Ada,Terverifikasi,Tidak Ada,https://brwa.or.id/wa/view/NXd0bFlSTFNEcDQ
311,ZDBTVVZTaUVQN28,27 Jul 2015,Wanua Lempe To Behoa,Sulawesi Tengah,POSO,Lore Tengah,Tidak Ada,Terverifikasi,Tidak Ada,https://brwa.or.id/wa/view/ZDBTVVZTaUVQN28
312,ZFFCTlFGTEtEVFE,27 Jul 2016,Wanua Katu To Behoa,Sulawesi Tengah,POSO,Lore Tengah,Tidak Ada,Terverifikasi,Tidak Ada,https://brwa.or.id/wa/view/ZFFCTlFGTEtEVFE
313,UjAtclhnNXdjdU0,27 Jul 2015,Wanua Hanggira To Behoa,Sulawesi Tengah,POSO,Lore Tengah,Tidak Ada,Terverifikasi,Tidak Ada,https://brwa.or.id/wa/view/UjAtclhnNXdjdU0
314,eEVvNlh1c0lkOWs,27 Jul 2015,Wanua Bariri To Behoa,Sulawesi Tengah,POSO,Lore tengah,Tidak Ada,Terverifikasi,Tidak Ada,https://brwa.or.id/wa/view/eEVvNlh1c0lkOWs
315,eXNNRDhOTjVNc1k,15 Okt 2016,To Bada Bomba,Sulawesi Tengah,POSO,Lore Selatan,Ada,Terverifikasi,Tidak Ada,https://brwa.or.id/wa/view/eXNNRDhOTjVNc1k
316,ZVFVclFfblQ5dGM,31 Jul 2015,Desa To Bada Badangkaia,Sulawesi Tengah,POSO,Lore Selatan,Ada,Terverifikasi,Tidak Ada,https://brwa.or.id/wa/view/ZVFVclFfblQ5dGM
317,VWltMWlLLUNrZzg,29 Jul 2015,Kampu Siniu,Sulawesi Tengah,PARIGI MOUTONG,Siniu,Ada,Tersertifikasi,Tidak Ada,https://brwa.or.id/wa/view/VWltMWlLLUNrZzg
318,VTFMUWttUUtxV3c,29 Jul 2015,Kampu Silanga,Sulawesi Tengah,PARIGI MOUTONG,Siniu,Ada,Tersertifikasi,Tidak Ada,https://brwa.or.id/wa/view/VTFMUWttUUtxV3c
319,SmJTcUVxWmtMVEU,30 Jul 2015,Lipu Sulewana,Sulawesi Tengah,POSO,Pamona Utara,Ada,Terverifikasi,Tidak Ada,https://brwa.or.id/wa/view/SmJTcUVxWmtMVEU
320,U1FPMTZQZndDcFE,02 Ags 2015,Lamusa ri Tanpe Lipu Barati,Sulawesi Tengah,POSO,Pamona tenggara,Ada,Tersertifikasi,Tidak Ada,https://brwa.or.id/wa/view/U1FPMTZQZndDcFE
321,TXVfZlZiSE0wV1E,15 Okt 2015,Giyanan To Pe Lauje Lombok Barat,Sulawesi Tengah,PARIGI MOUTONG,Tinombo,Ada,Terverifikasi,Tidak Ada,https://brwa.or.id/wa/view/TXVfZlZiSE0wV1E
322,MWdYMkdSUlZQNWs,13 Okt 2015,Ginayan To Pe Lauje Pebounang,Sulawesi Tengah,PARIGI MOUTONG,Palasa,Ada,Terverifikasi,Tidak Ada,https://brwa.or.id/wa/view/MWdYMkdSUlZQNWs
323,bmRDb01HblFIeFE,15 Okt 2016,Wanua Lengkeka,Sulawesi Tengah,POSO,Lore Barat,Ada,Terverifikasi,Tidak Ada,https://brwa.or.id/wa/view/bmRDb01HblFIeFE
324,bXZiUnZBOUhCM1U,29 Jul 2015,Tombang,Sulawesi Tengah,BANGGAI,Pagimana,Ada,Terverifikasi,Tidak Ada,https://brwa.or.id/wa/view/bXZiUnZBOUhCM1U
325,Ym1oNkhzUC12X1U,08 Jul 2016,Runuang Punan Tano’ Kampung Bunau,Kalimantan Utara,BULUNGAN,Sekatak,Tidak Ada,Teregistrasi,Ada,https://brwa.or.id/wa/view/Ym1oNkhzUC12X1U
326,Ml90b1JmVTdkbFE,18 Mar 2017,Banua Tamao,Kalimantan Barat,KAPUAS HULU,Embaloh Hulu,Ada,Tersertifikasi,Ada,https://brwa.or.id/wa/view/Ml90b1JmVTdkbFE
327,UHVKZ3B0MGVxR0U,18 Mar 2017,Batu Ampar Laman Lamat,Kalimantan Tengah,LAMANDAU,Menthobi Raya,Ada,Teregistrasi,Ada,https://brwa.or.id/wa/view/UHVKZ3B0MGVxR0U
328,dzJZLVpUdm1KSHc,18 Mar 2017,marga Semangus,Sumatera Selatan,MUSI RAWAS,Muara Lakitan,Ada,Teregistrasi,Tidak Ada,https://brwa.or.id/wa/view/dzJZLVpUdm1KSHc
329,WFdZTVZyaWd2ZTA,02 Jun 2017,Baranusa,Nusa Tenggara Timur,ALOR,Pantar Barat,Ada,Teregistrasi,Tidak Ada,https://brwa.or.id/wa/view/WFdZTVZyaWd2ZTA
330,eGw3MDl3V29Eb2c,08 Ags 2015,Ngata Marena,Sulawesi Tengah,SIGI,Kulawi,Ada,Tersertifikasi,Ada,https://brwa.or.id/wa/view/eGw3MDl3V29Eb2c
331,c0x4OUt0bmY0eW8,15 Okt 2016,Kampung Runde,Sulawesi Tengah,POSO,Lore Selatan,Ada,Terverifikasi,Tidak Ada,https://brwa.or.id/wa/view/c0x4OUt0bmY0eW8
332,RTg0NkRHek5LWlU,15 Okt 2016,Wanua Tuare,Sulawesi Tengah,POSO,Lore Barat,Ada,Terverifikasi,Tidak Ada,https://brwa.or.id/wa/view/RTg0NkRHek5LWlU
333,emJ3LThETF9oNk0,25 Apr 2017,Bakalewang Kanar,Nusa Tenggara Barat,SUMBAWA,Labuhan Badas,Ada,Teregistrasi,Ada,https://brwa.or.id/wa/view/emJ3LThETF9oNk0
334,VDliNVdlWXIxd2M,16 Mar 2017,Laman Kinipan,Kalimantan Tengah,LAMANDAU,Batang Kawa,Ada,Tersertifikasi,Ada,https://brwa.or.id/wa/view/VDliNVdlWXIxd2M
335,clpRWmgzd2VqLVk,05 Des 2015,Ammatoa Kajang,Sulawesi Selatan,BULUKUMBA,KAJANG,Ada,Tersertifikasi,Ada,https://brwa.or.id/wa/view/clpRWmgzd2VqLVk
336,Qm5Ud194NGNsWk0,01 Okt 2015,Lipu Wana Posangke,Sulawesi Tengah,MOROWALI,Bungku Utara,Ada,Tersertifikasi,Ada,https://brwa.or.id/wa/view/Qm5Ud194NGNsWk0
337,dGJTTkJZSkgwWTg,20 Apr 2012,Bua' Tangsa,Sulawesi Selatan,ENREKANG,Baroko/Gandang Batu Sillanan,Ada,Tersertifikasi,Ada,https://brwa.or.id/wa/view/dGJTTkJZSkgwWTg
338,UHBwU2V3OUhkTTA,20 Apr 2012,Tondok/Kampong Marena,Sulawesi Selatan,ENREKANG,ANGGERAJA,Ada,Tersertifikasi,Ada,https://brwa.or.id/wa/view/UHBwU2V3OUhkTTA
339,cldxTFJ1QU8yeU0,20 Apr 2012,Bawanna Orong,Sulawesi Selatan,ENREKANG,Malua,Ada,Tersertifikasi,Ada,https://brwa.or.id/wa/view/cldxTFJ1QU8yeU0
340,c21mbHZ3UEN3TWc,20 Apr 2012,Bua' Pana,Sulawesi Selatan,ENREKANG,ALLA,Ada,Tersertifikasi,Ada,https://brwa.or.id/wa/view/c21mbHZ3UEN3TWc
341,elZzRUctMTJ0Z1k,24 Nop 2016,Lewu Tumbang Malahoi,Kalimantan Tengah,GUNUNG MAS,Rungan,Ada,Tersertifikasi,Ada,https://brwa.or.id/wa/view/elZzRUctMTJ0Z1k
342,WWl4bmF6M2NvYmc,11 Nop 2016,Dayak Ngaju Lewu Tehang Manuhing Raya,Kalimantan Tengah,GUNUNG MAS,Manuhing Raya,Ada,Tersertifikasi,Ada,https://brwa.or.id/wa/view/WWl4bmF6M2NvYmc
343,LVdyZFY2WnRZVE0,05 Nop 2016,O’Ukul Musatfak,Papua,JAYAWIJAYA,Distrik Musatfak,Ada,Terverifikasi,Ada,https://brwa.or.id/wa/view/LVdyZFY2WnRZVE0
344,VGZIQW1ZQV9JR0k,24 Nop 2016,Temenggung Sulur Hungei Parau Leu Muara Pari,Kalimantan Tengah,BARITO UTARA,Lahei,Ada,Teregistrasi,Ada,https://brwa.or.id/wa/view/VGZIQW1ZQV9JR0k
345,UlRFbjRGQk00ajg,21 Nop 2016,Kenegerian Terusan,Riau,KAMPAR,Kampar Kiri Hulu,Ada,Teregistrasi,Ada,https://brwa.or.id/wa/view/UlRFbjRGQk00ajg
346,Yi1yaV83ODlBQTQ,24 Jul 2016,Kenegerian Pangkalan Serai,Riau,KAMPAR,kampar kiri hulu,Ada,Teregistrasi,Ada,https://brwa.or.id/wa/view/Yi1yaV83ODlBQTQ
347,T2tzd1pfb0pGdHM,20 Nop 2016,Kenegerian Aur Kuning,Riau,KAMPAR,KAMPAR KIRI HULU,Ada,Teregistrasi,Ada,https://brwa.or.id/wa/view/T2tzd1pfb0pGdHM
348,WkVEaFBRT1dnTnM,20 Nop 2016,Kenegerian Gajah Bertalut,Riau,KAMPAR,Kampar Kiri Hulu,Ada,Tersertifikasi,Ada,https://brwa.or.id/wa/view/WkVEaFBRT1dnTnM
349,T1FpLTJkUWtVMXM,28 Okt 2016,Yei I’Man’,Papua,MERAUKE,"Ulilin, Elikobel, Jagebob, Sota",Ada,Terverifikasi,Ada,https://brwa.or.id/wa/view/T1FpLTJkUWtVMXM
350,WDBCejhkREhfNnM,24 Okt 2016,Lebu Batilap,Kalimantan Tengah,BARITO SELATAN,Dusun Hilir,Ada,Teregistrasi,Ada,https://brwa.or.id/wa/view/WDBCejhkREhfNnM
351,Mm50c3JId1FDWG8,24 Okt 2016,Kampung Sekombulan,Kalimantan Tengah,LAMANDAU,Delang dan Jelai Hulu,Ada,Teregistrasi,Ada,https://brwa.or.id/wa/view/Mm50c3JId1FDWG8
352,QlV2ZzlTcU43eUE,24 Okt 2016,Kampung Kubung,Kalimantan Tengah,LAMANDAU,Delang dan Jelai Hulu,Ada,Teregistrasi,Ada,https://brwa.or.id/wa/view/QlV2ZzlTcU43eUE
353,YUNtRmFaZ3MyWGs,14 Nop 2012,Lusan,Kalimantan Timur,PASER,Muara Komam Kabupaten,Ada,Teregistrasi,Ada,https://brwa.or.id/wa/view/YUNtRmFaZ3MyWGs
354,a1h0R280aFVvSzQ,06 Nop 2015,Kampung Datar Tapah,Kalimantan Selatan,HULU SUNGAI SELATAN,Loksado,Ada,Teregistrasi,Ada,https://brwa.or.id/wa/view/a1h0R280aFVvSzQ
355,ZE5jRTRwOG5YRVk,06 Nop 2015,"Kampung Haratai, Desa Haratai",Kalimantan Selatan,HULU SUNGAI SELATAN,Loksado,Ada,Teregistrasi,Ada,https://brwa.or.id/wa/view/ZE5jRTRwOG5YRVk
356,QVJ6c3I2emkzdDQ,06 Nop 2015,Kampung Kukubal,Kalimantan Selatan,HULU SUNGAI SELATAN,Loksado,Ada,Teregistrasi,Ada,https://brwa.or.id/wa/view/QVJ6c3I2emkzdDQ
357,c0dwZ1puYWQ0RVE,06 Nop 2015,Kampung Waja,Kalimantan Selatan,HULU SUNGAI SELATAN,Loksado,Ada,Teregistrasi,Ada,https://brwa.or.id/wa/view/c0dwZ1puYWQ0RVE
358,a0k1c1NmOVFuZkk,06 Nop 2015,Kampung Salangái,Kalimantan Selatan,HULU SUNGAI SELATAN,Loksado,Ada,Teregistrasi,Ada,https://brwa.or.id/wa/view/a0k1c1NmOVFuZkk
359,OGRIdVk5aWVSUk0,06 Nop 2015,Kampung Lian Paku,Kalimantan Selatan,HULU SUNGAI SELATAN,Loksado,Ada,Teregistrasi,Ada,https://brwa.or.id/wa/view/OGRIdVk5aWVSUk0
360,V18wWkVMNllodVk,06 Nop 2015,Kampung Lian Buluh (Mangidung),Kalimantan Selatan,HULU SUNGAI SELATAN,Loksado,Ada,Teregistrasi,Ada,https://brwa.or.id/wa/view/V18wWkVMNllodVk
361,T0Vta3pvY2VVRk0,06 Nop 2015,Kampung Kadayang,Kalimantan Selatan,HULU SUNGAI SELATAN,Loksado,Ada,Teregistrasi,Ada,https://brwa.or.id/wa/view/T0Vta3pvY2VVRk0
362,ZmFTSUVQdTRPYnM,06 Nop 2015,Kampung Janggar,Kalimantan Selatan,HULU SUNGAI SELATAN,Loksado,Ada,Teregistrasi,Ada,https://brwa.or.id/wa/view/ZmFTSUVQdTRPYnM
363,cWZ1XzhYeTF6VGs,06 Nop 2015,Kampung Hujung,Kalimantan Selatan,HULU SUNGAI SELATAN,Loksado,Ada,Teregistrasi,Ada,https://brwa.or.id/wa/view/cWZ1XzhYeTF6VGs
364,TTJXUkdjXzRoQjg,08 Ags 2015,Pandumaan-Sipituhuta,Sumatera Utara,HUMBANG HASUNDUTAN,Pollung,Ada,Teregistrasi,Ada,https://brwa.or.id/wa/view/TTJXUkdjXzRoQjg
365,alRGby1jZkFKWVE,08 Ags 2015,Op Ronggur Simanjuntak,Sumatera Utara,TAPANULI UTARA,Sipahutar,Ada,Terverifikasi,Ada,https://brwa.or.id/wa/view/alRGby1jZkFKWVE
366,VXRCRGFaX0xPeGs,08 Ags 2015,Nagahulambu,Sumatera Utara,KOTA PEMATANG SIANTAR,Dolok Panribuan,Ada,Teregistrasi,Tidak Ada,https://brwa.or.id/wa/view/VXRCRGFaX0xPeGs
367,Qmt3SGNqcXhmQ28,14 Nop 2012,Dayak Pitap,Kalimantan Selatan,BALANGAN,Tebing Tinggi,Ada,Teregistrasi,Ada,https://brwa.or.id/wa/view/Qmt3SGNqcXhmQ28
368,bUtKQlg5b0pqUU0,17 Des 2015,Kasepuhan Sindang Agung,Banten,LEBAK,Sobang,Ada,Teregistrasi,Ada,https://brwa.or.id/wa/view/bUtKQlg5b0pqUU0
369,eFpHdklOeVhkYUk,14 Nop 2012,Lewolema,Nusa Tenggara Timur,FLORES TIMUR,Lewolema,Ada,Teregistrasi,Tidak Ada,https://brwa.or.id/wa/view/eFpHdklOeVhkYUk
370,YVhILTVYeXlyUFk,23 Apr 2012,Ana Maari,Nusa Tenggara Timur,SUMBA BARAT,Umbu Ratu Negay,Tidak Ada,Teregistrasi,Tidak Ada,https://brwa.or.id/wa/view/YVhILTVYeXlyUFk
371,RVdidTRkX2owZFU,17 Des 2015,O’Ukul Asolokobal,Papua,JAYAWIJAYA,Distrik Asolokobal dan Distrik Asotipo,Ada,Teregistrasi,Ada,https://brwa.or.id/wa/view/RVdidTRkX2owZFU
372,VkY2NG84SjlHakU,17 Des 2015,Kerema,Papua,MAMBERAMO RAYA,-,Ada,Teregistrasi,Ada,https://brwa.or.id/wa/view/VkY2NG84SjlHakU
373,czR6Q1ItM1RIYUk,17 Des 2015,Nambloung,Papua,JAYAPURA,-,Ada,Teregistrasi,Ada,https://brwa.or.id/wa/view/czR6Q1ItM1RIYUk
374,eUVGOElWczYtOHc,17 Des 2015,Rumbuay,Papua,SARMI,-,Ada,Teregistrasi,Ada,https://brwa.or.id/wa/view/eUVGOElWczYtOHc
375,VE43UUlrUzlpLVk,17 Des 2015,Dadat,Papua,MAMBERAMO RAYA,-,Ada,Teregistrasi,Ada,https://brwa.or.id/wa/view/VE43UUlrUzlpLVk
376,TnhaWE5HZmpGTDA,22 Apr 2012,Wangga Meti,Nusa Tenggara Timur,SUMBA TIMUR,-,Tidak Ada,Teregistrasi,Tidak Ada,https://brwa.or.id/wa/view/TnhaWE5HZmpGTDA
377,ZEJrQ2dUQzVYTjQ,22 Apr 2012,Natar Lewurla,Nusa Tenggara Timur,MANGGARAI TIMUR,Elar Selatan,Ada,Tersertifikasi,Ada,https://brwa.or.id/wa/view/ZEJrQ2dUQzVYTjQ
378,MmRjLUdMb0dLNzQ,22 Apr 2012,Wongko Kigit,Nusa Tenggara Timur,MANGGARAI TIMUR,Elar Selatan,Ada,Tersertifikasi,Ada,https://brwa.or.id/wa/view/MmRjLUdMb0dLNzQ
379,VUFNT1VUUWo3cVk,26 Apr 2011,Lewa Paku,Nusa Tenggara Timur,SUMBA TIMUR,Lewa,Tidak Ada,Teregistrasi,Tidak Ada,https://brwa.or.id/wa/view/VUFNT1VUUWo3cVk
380,WWVxdEFvRFdTbzQ,15 Jul 2013,Gampong Meunasah Keudee,Aceh,ACEH BESAR,Mesjid Raya,Ada,Teregistrasi,Ada,https://brwa.or.id/wa/view/WWVxdEFvRFdTbzQ
381,Z1d4eDE1eHh2YXc,15 Jul 2013,Gampong Meunasah Kulam,Aceh,ACEH BESAR,Mesjid Raya,Ada,Teregistrasi,Ada,https://brwa.or.id/wa/view/Z1d4eDE1eHh2YXc
382,c0hxazVndDJIMVU,14 Nop 2012,Gampong Alue Krueng,Aceh,ACEH JAYA,Pasie Raya,Ada,Teregistrasi,Ada,https://brwa.or.id/wa/view/c0hxazVndDJIMVU
383,TV9Tak5IZ3h3cE0,14 Nop 2012,Gampong Arongan,Aceh,ACEH JAYA,Sampoinet,Ada,Teregistrasi,Ada,https://brwa.or.id/wa/view/TV9Tak5IZ3h3cE0
384,Und2UW14NnNsb00,14 Nop 2012,Gampong Bintah,Aceh,ACEH JAYA,Pasie Raya,Ada,Teregistrasi,Ada,https://brwa.or.id/wa/view/Und2UW14NnNsb00
385,VThlbTloUHNrYms,14 Nop 2012,Gampong Krueng Tho,Aceh,ACEH JAYA,Sampoinet,Ada,Teregistrasi,Ada,https://brwa.or.id/wa/view/VThlbTloUHNrYms
386,SnlRU0dBTXRZN1U,14 Nop 2012,Gampong Lhok Bot,Aceh,ACEH JAYA,Setia Bakti,Ada,Teregistrasi,Ada,https://brwa.or.id/wa/view/SnlRU0dBTXRZN1U
387,UFg3VUg1bC1ZZWM,14 Nop 2012,Gampong Lhok Buya,Aceh,ACEH JAYA,Setia Bakti,Ada,Teregistrasi,Ada,https://brwa.or.id/wa/view/UFg3VUg1bC1ZZWM
388,dVc1RmpKUFVLVzg,14 Nop 2012,Gampong Panga Pucok,Aceh,ACEH JAYA,Panga,Ada,Teregistrasi,Ada,https://brwa.or.id/wa/view/dVc1RmpKUFVLVzg
389,bW53N3FsNWNPYUE,14 Nop 2012,Gampong Panggong,Aceh,ACEH JAYA,Setia Bakti,Ada,Teregistrasi,Ada,https://brwa.or.id/wa/view/bW53N3FsNWNPYUE
390,N1dSdW1oQzlyTFk,11 Nop 2012,Gampong Pasie Geulima,Aceh,ACEH JAYA,Teunom,Ada,Teregistrasi,Ada,https://brwa.or.id/wa/view/N1dSdW1oQzlyTFk
391,eC1iZHZ4eDdPYUE,14 Nop 2012,Gampong Pasie Timon,Aceh,ACEH JAYA,Teunom,Ada,Teregistrasi,Ada,https://brwa.or.id/wa/view/eC1iZHZ4eDdPYUE
392,OGN2ejd5OGFtM0k,14 Nop 2012,Gampong Ranto Sabon,Aceh,ACEH JAYA,Sampoinet,Ada,Teregistrasi,Ada,https://brwa.or.id/wa/view/OGN2ejd5OGFtM0k
393,VEpSV19rRW5ZR0U,14 Nop 2012,Gampong Beurandeh,Aceh,ACEH BESAR,Mesjid Raya,Ada,Teregistrasi,Ada,https://brwa.or.id/wa/view/VEpSV19rRW5ZR0U
394,VTA2UG9yWXFRUUE,14 Nop 2012,Gampong Lambaro Neujib,Aceh,ACEH BESAR,Peukan Bada,Ada,Teregistrasi,Ada,https://brwa.or.id/wa/view/VTA2UG9yWXFRUUE
395,ZkdET3hTcVVGMjQ,14 Nop 2012,Gampong Lambadeuk,Aceh,ACEH BESAR,Peukan Bada,Ada,Teregistrasi,Ada,https://brwa.or.id/wa/view/ZkdET3hTcVVGMjQ
396,VkJvSVBORkhsTUU,14 Nop 2012,Gampong Lampageu,Aceh,ACEH BESAR,Peukan Bada,Ada,Teregistrasi,Ada,https://brwa.or.id/wa/view/VkJvSVBORkhsTUU
397,QzVvWHdxT2ljT1k,14 Nop 2012,Gampong Meunasah Mon,Aceh,ACEH BESAR,Mesjid Raya,Ada,Teregistrasi,Ada,https://brwa.or.id/wa/view/QzVvWHdxT2ljT1k
398,c0NJeWJ3bG1aVFU,14 Nop 2012,Gampong Payakameng,Aceh,ACEH BESAR,Mesjid Raya,Ada,Teregistrasi,Ada,https://brwa.or.id/wa/view/c0NJeWJ3bG1aVFU
399,VUY5ZTZTbHJoMHc,14 Nop 2012,Dayak Iban Menua Sungai Utik Ketemenggungan Jalai Lintang,Kalimantan Barat,KAPUAS HULU,EMBALOH HULU,Ada,Tersertifikasi,Ada,https://brwa.or.id/wa/view/VUY5ZTZTbHJoMHc
400,UzdsT3lsZlppQzA,15 Jul 2013,Banua Ujung,Kalimantan Barat,KAPUAS HULU,Embaloh Hulu,Ada,Tersertifikasi,Ada,https://brwa.or.id/wa/view/UzdsT3lsZlppQzA
401,MTEtNWdRRV9Oem8,15 Jul 2013,Dusun kerangan Bunut,Kalimantan Barat,KAPUAS HULU,Embaloh Hulu,Ada,Teregistrasi,Ada,https://brwa.or.id/wa/view/MTEtNWdRRV9Oem8
402,dTktclpnemdiNG8,15 Jul 2013,Menua Kelayam,Kalimantan Barat,KAPUAS HULU,EMBALOH HULU,Ada,Tersertifikasi,Ada,https://brwa.or.id/wa/view/dTktclpnemdiNG8
403,bkNhN25WN0RzN28,15 Jul 2013,Dayak Iban Sadap,Kalimantan Barat,KAPUAS HULU,Embaloh Hulu,Ada,Terverifikasi,Ada,https://brwa.or.id/wa/view/bkNhN25WN0RzN28
404,QXBjS2Q3LVNLb0U,20 Apr 2012,Semeriot Ujang,Kalimantan Utara,BULUNGAN,Sekatak,Ada,Teregistrasi,Ada,https://brwa.or.id/wa/view/QXBjS2Q3LVNLb0U
405,cXRFNnQ3aUFVZWs,14 Nop 2012,Kasepuhan Karang,Banten,LEBAK,Muncang,Ada,Tersertifikasi,Ada,https://brwa.or.id/wa/view/cXRFNnQ3aUFVZWs
406,a0NyZmkta3Q2b3c,07 Okt 2015,Wewengkon Kasepuhan Cibarani,Banten,LEBAK,Cirinten,Ada,Tersertifikasi,Ada,https://brwa.or.id/wa/view/a0NyZmkta3Q2b3c
407,VFZraFBHc1VfU28,08 Okt 2015,Wewengkon Pasireurih,Banten,LEBAK,Sobang,Ada,Tersertifikasi,Ada,https://brwa.or.id/wa/view/VFZraFBHc1VfU28
408,c1ZHQi0zOUJVX0k,15 Jul 2013,Kampung  Balai Mawak,Kalimantan Selatan,HULU SUNGAI SELATAN,Loksado,Ada,Teregistrasi,Ada,https://brwa.or.id/wa/view/c1ZHQi0zOUJVX0k
409,eEtBalZtc0I3VG8,06 Nop 2015,Wilayah Adat Balai Madamang,Kalimantan Selatan,HULU SUNGAI SELATAN,Loksado,Ada,Teregistrasi,Ada,https://brwa.or.id/wa/view/eEtBalZtc0I3VG8
410,MEJJR1BJNFB4VjQ,06 Nop 2015,Wilayah Adat Balai Kacang Parang,Kalimantan Selatan,HULU SUNGAI SELATAN,Loksado,Ada,Teregistrasi,Ada,https://brwa.or.id/wa/view/MEJJR1BJNFB4VjQ
411,cWdiMjVITWlHbzA,01 Feb 2016,Wilayah Adat Balai Julaian,Kalimantan Selatan,HULU SUNGAI SELATAN,Loksado,Ada,Teregistrasi,Ada,https://brwa.or.id/wa/view/cWdiMjVITWlHbzA
412,UVlhc2lTS1pncmc,11 Jun 2016,Wilayah Adat Balai Datar Buluh,Kalimantan Selatan,HULU SUNGAI SELATAN,Loksado,Ada,Teregistrasi,Ada,https://brwa.or.id/wa/view/UVlhc2lTS1pncmc
413,TjNCaUd3RGktVlU,06 Nop 2015,Wilayah Adat Balai Wariung,Kalimantan Selatan,HULU SUNGAI SELATAN,Loksado,Ada,Teregistrasi,Ada,https://brwa.or.id/wa/view/TjNCaUd3RGktVlU
414,ZUJnYnVFbC1RTGM,06 Nop 2015,Wilayah Adat Balai Hambawang Masam,Kalimantan Selatan,HULU SUNGAI SELATAN,Loksado,Ada,Teregistrasi,Ada,https://brwa.or.id/wa/view/ZUJnYnVFbC1RTGM
415,NTVXRHlwY1VRTXM,06 Nop 2015,Wilayah Adat Balai Batu Balah 2 (Jambu),Kalimantan Selatan,HULU SUNGAI SELATAN,Loksado,Ada,Teregistrasi,Ada,https://brwa.or.id/wa/view/NTVXRHlwY1VRTXM
416,SzQ4QVFnS0lwTzg,06 Nop 2015,Wilayah Adat Balai Bangkaun,Kalimantan Selatan,HULU SUNGAI SELATAN,Loksado,Ada,Teregistrasi,Ada,https://brwa.or.id/wa/view/SzQ4QVFnS0lwTzg
417,eW1wRWdkV09FUlk,06 Nop 2015,Wilayah Adat Balai Urui,Kalimantan Selatan,HULU SUNGAI SELATAN,Loksado,Ada,Teregistrasi,Ada,https://brwa.or.id/wa/view/eW1wRWdkV09FUlk
418,YUo5VHdCNl90MzQ,06 Nop 2015,Balai Bayumbung,Kalimantan Selatan,HULU SUNGAI SELATAN,Loksado,Ada,Terverifikasi,Ada,https://brwa.or.id/wa/view/YUo5VHdCNl90MzQ
419,VGtzbWw3UGEwNW8,06 Nop 2015,Wilayah Adat Balai Bidukun,Kalimantan Selatan,HULU SUNGAI SELATAN,Loksado,Ada,Teregistrasi,Ada,https://brwa.or.id/wa/view/VGtzbWw3UGEwNW8
420,bzU0Tnp5aTBtWnM,06 Nop 2015,"Kampung Jalai, Desa Malinau",Kalimantan Selatan,HULU SUNGAI SELATAN,Loksado,Ada,Teregistrasi,Ada,https://brwa.or.id/wa/view/bzU0Tnp5aTBtWnM
421,WEtNYnhGNmwwSVk,06 Nop 2015,Wilayah Adat Balai Padang,Kalimantan Selatan,HULU SUNGAI SELATAN,Loksado,Ada,Teregistrasi,Ada,https://brwa.or.id/wa/view/WEtNYnhGNmwwSVk
422,SFBUTlF1WGxvd1k,12 Jan 2016,to ture'a,Sulawesi Selatan,LUWU UTARA,Malili,Ada,Teregistrasi,Ada,https://brwa.or.id/wa/view/SFBUTlF1WGxvd1k
423,d3p1ci1hWkFxcmc,27 Jan 2016,masapi,Sulawesi Selatan,LUWU UTARA,masamba,Ada,Teregistrasi,Ada,https://brwa.or.id/wa/view/d3p1ci1hWkFxcmc
424,XzZqX1ZsSW9CWmc,25 Apr 2012,To Cerekang,Sulawesi Selatan,LUWU TIMUR,malili,Ada,Terverifikasi,Ada,https://brwa.or.id/wa/view/XzZqX1ZsSW9CWmc
425,dGJrMmxWdjJvaWM,26 Jan 2016,Kampong Ada' Peta,Sulawesi Selatan,KOTA PALOPO,Sendana,Ada,Teregistrasi,Tidak Ada,https://brwa.or.id/wa/view/dGJrMmxWdjJvaWM
426,NjcxbWZJal9BMTQ,04 Mei 2014,Tondok (kampung) Kanandede,Sulawesi Selatan,LUWU UTARA,Rongkong,Ada,Terverifikasi,Ada,https://brwa.or.id/wa/view/NjcxbWZJal9BMTQ
427,XzdSRDV3T21WWUU,21 Apr 2016,Tondok (kampung) Salurante,Sulawesi Selatan,LUWU UTARA,Rongkong,Ada,Terverifikasi,Ada,https://brwa.or.id/wa/view/XzdSRDV3T21WWUU
428,d0s0OWoyNkZfN2c,19 Des 2015,Mukim Pulau Nasi,Aceh,ACEH BESAR,Pulo Aceh,Ada,Tersertifikasi,Ada,https://brwa.or.id/wa/view/d0s0OWoyNkZfN2c
429,SVlKR0NIMHFEUFE,20 Nop 2015,Bua' Patongloan,Sulawesi Selatan,ENREKANG,Baroko,Ada,Tersertifikasi,Ada,https://brwa.or.id/wa/view/SVlKR0NIMHFEUFE
430,cDVOVFR2R29lZWM,22 Apr 2012,Kampung Tanjung Mulia,Sumatera Utara,KOTA MEDAN,Percut Sei Tuan,Ada,Teregistrasi,Tidak Ada,https://brwa.or.id/wa/view/cDVOVFR2R29lZWM
431,SldXQm8wYnN5Z1E,22 Apr 2012,Kampung Masjid,Sumatera Utara,DELI SERDANG,Batang Kuis,Ada,Teregistrasi,Tidak Ada,https://brwa.or.id/wa/view/SldXQm8wYnN5Z1E
432,d3owSTFaSlJ3Vms,08 Nop 2015,Mukim Sarah Raya,Aceh,ACEH JAYA,Pasie Raya,Ada,Terverifikasi,Ada,https://brwa.or.id/wa/view/d3owSTFaSlJ3Vms
433,a3FmSGZEek45ZzQ,22 Apr 2012,Lohak Talang Sungai Parit,Riau,INDRAGIRI HULU,"Rengat Barat , Rakit Kulum",Ada,Teregistrasi,Ada,https://brwa.or.id/wa/view/a3FmSGZEek45ZzQ
434,WGhlYlRhSnkxd00,23 Des 2015,Mukim Siem,Aceh,ACEH BESAR,Darussalam,Ada,Terverifikasi,Ada,https://brwa.or.id/wa/view/WGhlYlRhSnkxd00
435,TnFmQjA5WF95QVE,22 Apr 2012,kampung Tanjung Gusta,Sumatera Utara,DELI SERDANG,Sunggal,Ada,Teregistrasi,Tidak Ada,https://brwa.or.id/wa/view/TnFmQjA5WF95QVE
436,OXgya0tnUmpUZ0U,22 Apr 2012,Talang Sungai Limau,Riau,INDRAGIRI HULU,Rakit Kulim,Ada,Teregistrasi,Ada,https://brwa.or.id/wa/view/OXgya0tnUmpUZ0U
437,ZFIxZmYyZnk3WFk,22 Apr 2012,Kampung Bintang Meria,Sumatera Utara,DELI SERDANG,Batang Kuis,Ada,Teregistrasi,Tidak Ada,https://brwa.or.id/wa/view/ZFIxZmYyZnk3WFk
438,V29ZLThuOUItNWM,22 Apr 2012,Kenegerian Batu Sanggan,Riau,KAMPAR,Kampar Kiri Hulu,Ada,Teregistrasi,Ada,https://brwa.or.id/wa/view/V29ZLThuOUItNWM
439,SkxOQTlzd21GYXM,22 Apr 2012,Kampong Bandar Kelipah,Sumatera Utara,DELI SERDANG,Percut Sei Tuan,Ada,Teregistrasi,Tidak Ada,https://brwa.or.id/wa/view/SkxOQTlzd21GYXM
440,S09FeXlEQzNQS3c,22 Apr 2012,Kampung Bandar Labuhan,Sumatera Utara,DELI SERDANG,Tanjung Morawa,Ada,Teregistrasi,Tidak Ada,https://brwa.or.id/wa/view/S09FeXlEQzNQS3c
441,NHRKcnRJOGl6d1E,22 Apr 2012,Kampung Tumpatan Nibung,Sumatera Utara,DELI SERDANG,Batang Kuis,Ada,Teregistrasi,Tidak Ada,https://brwa.or.id/wa/view/NHRKcnRJOGl6d1E
442,VFJZdFprWHViSkE,22 Apr 2012,Kampung Batang Kuis Pekan,Sumatera Utara,DELI SERDANG,Batang Kuis,Ada,Teregistrasi,Tidak Ada,https://brwa.or.id/wa/view/VFJZdFprWHViSkE
443,aE9pcFRnNHFZUVU,22 Apr 2012,Kampung Sugiharjo,Sumatera Utara,DELI SERDANG,Batang Kuis,Ada,Teregistrasi,Tidak Ada,https://brwa.or.id/wa/view/aE9pcFRnNHFZUVU
444,alR3M1VDZm45Vkk,27 Sep 2015,Rejang Bangun Jaya,Bengkulu,REJANG LEBONG,Bermani Ulu Raya,Ada,Terverifikasi,Ada,https://brwa.or.id/wa/view/alR3M1VDZm45Vkk
445,QnljeEZ4bTE1RWc,22 Apr 2012,Kampong Sei Jernih,Sumatera Utara,DELI SERDANG,Percut Sei Jernih,Ada,Teregistrasi,Tidak Ada,https://brwa.or.id/wa/view/QnljeEZ4bTE1RWc
446,V25QdnVGVFZEeVk,22 Apr 2012,Kampong Menteng Tualang Pusu,Sumatera Utara,KOTA MEDAN,Percut Sei Tuan,Ada,Tersertifikasi,Tidak Ada,https://brwa.or.id/wa/view/V25QdnVGVFZEeVk
447,ZUpkNlRtRTlBeGM,22 Apr 2012,Kampung Sigara- gara,Sumatera Utara,DELI SERDANG,Patumbak,Ada,Teregistrasi,Tidak Ada,https://brwa.or.id/wa/view/ZUpkNlRtRTlBeGM
448,cnNILVJ1YS1pZHM,02 Sep 2015,Lili’na Sa’dan,Sulawesi Selatan,TORAJA UTARA,Sa’dan dan Kampung Tua,Ada,Terverifikasi,Ada,https://brwa.or.id/wa/view/cnNILVJ1YS1pZHM
449,Q0RmYW9WSElISGs,02 Sep 2015,Bua Rano,Sulawesi Selatan,TANA TORAJA,Rano,Ada,Teregistrasi,Tidak Ada,https://brwa.or.id/wa/view/Q0RmYW9WSElISGs
450,eFBDamtBWThITzg,02 Sep 2015,Lili'na Nanggala,Sulawesi Selatan,TORAJA UTARA,Nanggala,Ada,Tersertifikasi,Ada,https://brwa.or.id/wa/view/eFBDamtBWThITzg
451,OGd1ZFV6eXFzUFU,02 Sep 2015,Lili'na Madandan,Sulawesi Selatan,TORAJA UTARA,"Sopai, Kab Toraja Utara dan Rantetayo, Kab. Tana Toraja",Ada,Tersertifikasi,Ada,https://brwa.or.id/wa/view/OGd1ZFV6eXFzUFU
452,aHprSG9Nakc1Zzg,02 Sep 2015,Lili'na Dende',Sulawesi Selatan,TORAJA UTARA,Dende' Piongan Napo,Ada,Terverifikasi,Ada,https://brwa.or.id/wa/view/aHprSG9Nakc1Zzg
453,eDcwcGlSVDVQOFE,02 Sep 2015,Lili’na Pangala',Sulawesi Selatan,TORAJA UTARA,"Kapala Pitu, Awan Buntu Karua, Ridingallo, Baruppu,",Ada,Terverifikasi,Ada,https://brwa.or.id/wa/view/eDcwcGlSVDVQOFE
454,MzlSNVVHd3dyX0k,31 Ags 2015,Kampung Sungai Antu Ketungau Hulu,Kalimantan Barat,SINTANG,Ketungau Hulu,Ada,Teregistrasi,Ada,https://brwa.or.id/wa/view/MzlSNVVHd3dyX0k
455,Y283NVYwRU1jV0k,31 Ags 2015,Kampung Rentong,Kalimantan Barat,SINTANG,Ketungau Hulu,Ada,Teregistrasi,Ada,https://brwa.or.id/wa/view/Y283NVYwRU1jV0k
456,dlFlcW5VRlBVMnM,31 Ags 2015,Inggar Silat Tingkong,Kalimantan Barat,SINTANG,-,Ada,Teregistrasi,Ada,https://brwa.or.id/wa/view/dlFlcW5VRlBVMnM
457,TGhrMVZtNmxqV0U,31 Ags 2015,Inggar Silat Lubuk Besar,Kalimantan Barat,SINTANG,Kayan Hilir,Ada,Teregistrasi,Ada,https://brwa.or.id/wa/view/TGhrMVZtNmxqV0U
458,TEZtVjJ6TlVaems,31 Ags 2015,Inggar Silat Peningkah,Kalimantan Barat,SINTANG,-,Ada,Teregistrasi,Ada,https://brwa.or.id/wa/view/TEZtVjJ6TlVaems
459,TFJIQWpNVUZXS00,31 Ags 2015,Seberuang Jungkang,Kalimantan Barat,SINTANG,-,Ada,Teregistrasi,Ada,https://brwa.or.id/wa/view/TFJIQWpNVUZXS00
460,RmdCZVp4UjUtM0E,31 Ags 2015,Seberuang Sungai Kura,Kalimantan Barat,SINTANG,-,Ada,Teregistrasi,Ada,https://brwa.or.id/wa/view/RmdCZVp4UjUtM0E
461,ZUExQVRaU2ZmbXM,31 Ags 2015,U'ud Danum Suak Terentang,Kalimantan Barat,SINTANG,-,Ada,Teregistrasi,Ada,https://brwa.or.id/wa/view/ZUExQVRaU2ZmbXM
462,WVZXRlZSOThDV1k,31 Ags 2015,Kubitn Bedaha,Kalimantan Barat,SINTANG,-,Ada,Teregistrasi,Ada,https://brwa.or.id/wa/view/WVZXRlZSOThDV1k
463,RU01UFVZVDc2VHc,31 Ags 2015,Melahui Laman Gunung,Kalimantan Barat,SINTANG,-,Ada,Teregistrasi,Ada,https://brwa.or.id/wa/view/RU01UFVZVDc2VHc
464,eVVZVlVsZUJPYlk,31 Ags 2015,Melahui Nanga Mentibar,Kalimantan Barat,SINTANG,-,Ada,Teregistrasi,Ada,https://brwa.or.id/wa/view/eVVZVlVsZUJPYlk
465,Ny00ZVl2bXgzSWM,31 Ags 2015,Melahui Melaku Kanan,Kalimantan Barat,SINTANG,-,Ada,Teregistrasi,Ada,https://brwa.or.id/wa/view/Ny00ZVl2bXgzSWM
466,Y1NrS1kwVUpOV2s,30 Jul 2013,Kampung Sukamaju,Kalimantan Barat,SINTANG,-,Ada,Teregistrasi,Ada,https://brwa.or.id/wa/view/Y1NrS1kwVUpOV2s
467,a0s0YzVsMTBpNEk,31 Ags 2015,Kampung Sungai Garung,Kalimantan Barat,SINTANG,-,Ada,Teregistrasi,Ada,https://brwa.or.id/wa/view/a0s0YzVsMTBpNEk
468,eXNwckNnUUJnNU0,31 Ags 2015,Kampung Bongkal,Kalimantan Barat,SINTANG,Kecamatan Kayan Hilir,Ada,Teregistrasi,Ada,https://brwa.or.id/wa/view/eXNwckNnUUJnNU0
469,QTFsc2tIQ1JsUVk,15 Jul 2013,Kanayatn Tikalokng,Kalimantan Barat,MEMPAWAH,-,Ada,Teregistrasi,Tidak Ada,https://brwa.or.id/wa/view/QTFsc2tIQ1JsUVk
470,WG9aZG9fOUFXUjA,15 Jul 2013,Kanayatn Ansiap,Kalimantan Barat,MEMPAWAH,-,Ada,Teregistrasi,Tidak Ada,https://brwa.or.id/wa/view/WG9aZG9fOUFXUjA
471,YVVsblNENmN2djQ,15 Jul 2013,Kanayatn Muru,Kalimantan Barat,MEMPAWAH,-,Ada,Teregistrasi,Tidak Ada,https://brwa.or.id/wa/view/YVVsblNENmN2djQ
472,QUM2T0dfV0ZRTlU,15 Jul 2013,Kanayatn Kumpakng,Kalimantan Barat,MEMPAWAH,-,Ada,Teregistrasi,Tidak Ada,https://brwa.or.id/wa/view/QUM2T0dfV0ZRTlU
473,M1lKX0tnUzMtWkE,15 Jul 2013,Kanayatn Untang,Kalimantan Barat,MEMPAWAH,-,Ada,Teregistrasi,Tidak Ada,https://brwa.or.id/wa/view/M1lKX0tnUzMtWkE
474,UTFkU2tHV0hCX3c,15 Jul 2013,Kanayatn Palanyo,Kalimantan Barat,LANDAK,-,Ada,Teregistrasi,Ada,https://brwa.or.id/wa/view/UTFkU2tHV0hCX3c
475,MHJsSTZDTmdlcVE,15 Jul 2013,Kanayatn Sangkikng,Kalimantan Barat,MEMPAWAH,-,Ada,Teregistrasi,Tidak Ada,https://brwa.or.id/wa/view/MHJsSTZDTmdlcVE
476,aFE2VVl4cUJ1OTQ,15 Jul 2013,Kanayatn Pudak,Kalimantan Barat,MEMPAWAH,-,Ada,Teregistrasi,Tidak Ada,https://brwa.or.id/wa/view/aFE2VVl4cUJ1OTQ
477,ekxjRjN6YjRtckk,15 Jul 2013,Kanayatn Boga,Kalimantan Barat,MEMPAWAH,-,Ada,Teregistrasi,Tidak Ada,https://brwa.or.id/wa/view/ekxjRjN6YjRtckk
478,Vld6X0JFSVVpYzg,15 Jul 2013,Kanayatn Bawikng,Kalimantan Barat,MEMPAWAH,-,Ada,Teregistrasi,Tidak Ada,https://brwa.or.id/wa/view/Vld6X0JFSVVpYzg
479,NzJSUnNZSWdVbGs,15 Jul 2013,Kanayatn Nangka,Kalimantan Barat,MEMPAWAH,-,Ada,Teregistrasi,Tidak Ada,https://brwa.or.id/wa/view/NzJSUnNZSWdVbGs
480,M0ZLREFoWlBXbU0,15 Jul 2013,Kanayatn Semungku,Kalimantan Barat,MEMPAWAH,-,Ada,Teregistrasi,Tidak Ada,https://brwa.or.id/wa/view/M0ZLREFoWlBXbU0
481,V2hwWkoxbUo4SkE,15 Jul 2013,Kanayatn Pa Nungkat,Kalimantan Barat,MEMPAWAH,-,Ada,Teregistrasi,Tidak Ada,https://brwa.or.id/wa/view/V2hwWkoxbUo4SkE
482,YldoVFlMQVNSSm8,15 Jul 2013,Kanayatn Titi Dahatn,Kalimantan Barat,MEMPAWAH,-,Ada,Teregistrasi,Tidak Ada,https://brwa.or.id/wa/view/YldoVFlMQVNSSm8
483,VE14cjA4d1Y3YkE,15 Jul 2013,Kanayatn Sikabu,Kalimantan Barat,MEMPAWAH,-,Ada,Teregistrasi,Tidak Ada,https://brwa.or.id/wa/view/VE14cjA4d1Y3YkE
484,azM1SnhJVlpRYlk,15 Jul 2013,Kanayatn Malanga,Kalimantan Barat,MEMPAWAH,-,Ada,Teregistrasi,Tidak Ada,https://brwa.or.id/wa/view/azM1SnhJVlpRYlk
485,NGZHbE1Zc2FRSmc,31 Ags 2015,Mali Bangkan,Kalimantan Barat,SANGGAU,Balai,Ada,Teregistrasi,Ada,https://brwa.or.id/wa/view/NGZHbE1Zc2FRSmc
486,MzlMZERsVnZWUDg,15 Jul 2013,Bukit Talaga Sahapm,Kalimantan Barat,LANDAK,-,Ada,Teregistrasi,Ada,https://brwa.or.id/wa/view/MzlMZERsVnZWUDg
487,bjdPeTlCMGItOEU,15 Jul 2013,Bukit Talaga Pangapet,Kalimantan Barat,LANDAK,-,Ada,Teregistrasi,Ada,https://brwa.or.id/wa/view/bjdPeTlCMGItOEU
488,OXE0bml3VEVQMWM,15 Jul 2013,Kanayatn Layar,Kalimantan Barat,LANDAK,-,Ada,Teregistrasi,Ada,https://brwa.or.id/wa/view/OXE0bml3VEVQMWM
489,LTJfSG1ETFZUN3c,15 Jul 2013,Kanayatn Sasunge,Kalimantan Barat,LANDAK,-,Ada,Teregistrasi,Ada,https://brwa.or.id/wa/view/LTJfSG1ETFZUN3c
490,SnJNRWtZZHJYeWs,15 Jul 2013,Kanayatn Punyanget,Kalimantan Barat,LANDAK,-,Ada,Teregistrasi,Ada,https://brwa.or.id/wa/view/SnJNRWtZZHJYeWs
491,Y241TGJPVFNpWWs,15 Jul 2013,Kanayatn Sindur,Kalimantan Barat,LANDAK,-,Ada,Teregistrasi,Ada,https://brwa.or.id/wa/view/Y241TGJPVFNpWWs
492,NnBkRDlSYWp0NnM,15 Jul 2013,Kanayatn Sahek,Kalimantan Barat,LANDAK,-,Ada,Teregistrasi,Ada,https://brwa.or.id/wa/view/NnBkRDlSYWp0NnM
493,YVNxT0ktSFhUZDA,15 Jul 2013,Kanayatn Moncok,Kalimantan Barat,LANDAK,-,Ada,Teregistrasi,Ada,https://brwa.or.id/wa/view/YVNxT0ktSFhUZDA
494,VVFFMlhMcFlmSEU,15 Jul 2013,Kanayatn Agak,Kalimantan Barat,LANDAK,Sebangki,Ada,Terverifikasi,Ada,https://brwa.or.id/wa/view/VVFFMlhMcFlmSEU
495,aFpoNEpjb3l1RWM,15 Jul 2013,Kanayatn Sanunuk,Kalimantan Barat,LANDAK,-,Ada,Teregistrasi,Ada,https://brwa.or.id/wa/view/aFpoNEpjb3l1RWM
496,TU5kYk9STTAyQnc,15 Jul 2013,Bukit Talaga Padakng,Kalimantan Barat,LANDAK,-,Ada,Teregistrasi,Ada,https://brwa.or.id/wa/view/TU5kYk9STTAyQnc
497,d2IyQmNZbi1XX2s,15 Jul 2013,Bukit Talaga Pate,Kalimantan Barat,LANDAK,-,Ada,Teregistrasi,Ada,https://brwa.or.id/wa/view/d2IyQmNZbi1XX2s
498,MGN6Y041YjJZZk0,15 Jul 2013,Bukit Talaga Poo,Kalimantan Barat,LANDAK,-,Ada,Teregistrasi,Ada,https://brwa.or.id/wa/view/MGN6Y041YjJZZk0
499,cWIyV2d6bG5feTA,15 Jul 2013,Bukit Talaga Palanyo Phm,Kalimantan Barat,LANDAK,-,Ada,Teregistrasi,Ada,https://brwa.or.id/wa/view/cWIyV2d6bG5feTA
500,VjdRcGpVNHJSRk0,15 Jul 2013,Bukit Talaga Kase,Kalimantan Barat,LANDAK,-,Ada,Teregistrasi,Ada,https://brwa.or.id/wa/view/VjdRcGpVNHJSRk0
501,dHVubmsyMWNvNFU,15 Jul 2013,Bukit Talaga Nangka Phm,Kalimantan Barat,LANDAK,-,Ada,Teregistrasi,Ada,https://brwa.or.id/wa/view/dHVubmsyMWNvNFU
502,THNacDhFXzRjLTA,15 Jul 2013,Bukit Talaga Raden,Kalimantan Barat,LANDAK,-,Ada,Teregistrasi,Ada,https://brwa.or.id/wa/view/THNacDhFXzRjLTA
503,aWJMMWlhVjhmdWs,15 Jul 2013,Bukit Talaga Angkabakng,Kalimantan Barat,LANDAK,-,Ada,Teregistrasi,Ada,https://brwa.or.id/wa/view/aWJMMWlhVjhmdWs
504,TlliUWNSOU9QQ0E,15 Jul 2013,Bukit Talaga Tembok,Kalimantan Barat,LANDAK,-,Ada,Teregistrasi,Ada,https://brwa.or.id/wa/view/TlliUWNSOU9QQ0E
505,SU1qRDM2WG90WkE,15 Jul 2013,Bukit Talaga Saginah,Kalimantan Barat,LANDAK,-,Ada,Teregistrasi,Ada,https://brwa.or.id/wa/view/SU1qRDM2WG90WkE
506,WW9ZdDlSWmJmQ0E,15 Jul 2013,Bukit Talaga Bakabat,Kalimantan Barat,LANDAK,-,Ada,Teregistrasi,Ada,https://brwa.or.id/wa/view/WW9ZdDlSWmJmQ0E
507,Y3o3MWkwenh2VHM,15 Jul 2013,Bukit Talaga Saleh,Kalimantan Barat,LANDAK,-,Ada,Teregistrasi,Ada,https://brwa.or.id/wa/view/Y3o3MWkwenh2VHM
508,bFB3c1c5cVBHZm8,15 Jul 2013,Kanayatn Kopiang,Kalimantan Barat,LANDAK,-,Ada,Teregistrasi,Ada,https://brwa.or.id/wa/view/bFB3c1c5cVBHZm8
509,TDh1ZndHcXdtbDA,15 Jul 2013,Kanayatn Pangkalatn Duria,Kalimantan Barat,LANDAK,-,Ada,Teregistrasi,Ada,https://brwa.or.id/wa/view/TDh1ZndHcXdtbDA
510,V0N1M1FjZ0FxUzg,15 Jul 2013,Kanayatn Saringkuyakng,Kalimantan Barat,LANDAK,-,Ada,Teregistrasi,Ada,https://brwa.or.id/wa/view/V0N1M1FjZ0FxUzg
511,SDAxaldRNHotZzQ,15 Jul 2013,Kanayatn Lonjengan,Kalimantan Barat,LANDAK,-,Ada,Teregistrasi,Ada,https://brwa.or.id/wa/view/SDAxaldRNHotZzQ
512,MWhiRG4yZ3ZJS2M,28 Ags 2015,Tukko NiSolu,Sumatera Utara,TOBA SAMOSIR,"Habinsaran,",Ada,Terverifikasi,Ada,https://brwa.or.id/wa/view/MWhiRG4yZ3ZJS2M
513,bjlSQ1FTTHA0Vm8,28 Ags 2015,Huta Matio,Sumatera Utara,TOBA SAMOSIR,Habincaran,Ada,Terverifikasi,Ada,https://brwa.or.id/wa/view/bjlSQ1FTTHA0Vm8
514,bC01bFVrclNZbUE,15 Jul 2013,Kanayatn Nyawan,Kalimantan Barat,LANDAK,-,Ada,Teregistrasi,Ada,https://brwa.or.id/wa/view/bC01bFVrclNZbUE
515,OUtjZTA1NXpubUk,15 Jul 2013,Kanayatn Palades Batukng,Kalimantan Barat,LANDAK,Mempawah Hulu,Ada,Teregistrasi,Ada,https://brwa.or.id/wa/view/OUtjZTA1NXpubUk
516,OWd2Rjk4blMwRkk,15 Jul 2013,Kanayatn Cagat,Kalimantan Barat,LANDAK,-,Ada,Teregistrasi,Ada,https://brwa.or.id/wa/view/OWd2Rjk4blMwRkk
517,MTFPNXVBRVBZdjA,15 Jul 2013,Kanayatn Tarekng,Kalimantan Barat,LANDAK,-,Ada,Teregistrasi,Ada,https://brwa.or.id/wa/view/MTFPNXVBRVBZdjA
518,eWRpVFJwTGx2SDA,15 Jul 2013,Kanayatn Ne Maih,Kalimantan Barat,LANDAK,-,Ada,Teregistrasi,Ada,https://brwa.or.id/wa/view/eWRpVFJwTGx2SDA
519,cy1RRzE3ZVFrV2M,27 Ags 2015,Sadei  Talang Donok,Bengkulu,LEBONG,Topos,Ada,Terverifikasi,Ada,https://brwa.or.id/wa/view/cy1RRzE3ZVFrV2M
520,Yy1fMXVJTE9QXzg,27 Ags 2015,Marga Sambat Sumber Harapan,Bengkulu,KAUR,Maje,Ada,Teregistrasi,Tidak Ada,https://brwa.or.id/wa/view/Yy1fMXVJTE9QXzg
521,U1dHYW9heXBDOUk,27 Ags 2015,Marga Sambat Muara Jaya,Bengkulu,KAUR,Maje,Ada,Teregistrasi,Tidak Ada,https://brwa.or.id/wa/view/U1dHYW9heXBDOUk
522,d0J5ejlNOE51YjQ,27 Ags 2015,Marga Sambat Linau,Bengkulu,KAUR,Maje,Ada,Teregistrasi,Tidak Ada,https://brwa.or.id/wa/view/d0J5ejlNOE51YjQ
523,UDZTNTY5TG5NaEE,21 Feb 2015,Marga Sambat Air Long,Bengkulu,KAUR,Maje,Ada,Teregistrasi,Tidak Ada,https://brwa.or.id/wa/view/UDZTNTY5TG5NaEE
524,Rk5JMVZnZHBDdzQ,27 Ags 2015,Sadei Rejang Babakan Baru,Bengkulu,REJANG LEBONG,Bermani Ulu Raya,Ada,Terverifikasi,Ada,https://brwa.or.id/wa/view/Rk5JMVZnZHBDdzQ
525,Zy1BZXlMQ2E1aWM,22 Apr 2012,Dusun Marga Sambat Benteng Harapan,Bengkulu,KAUR,Maje,Ada,Teregistrasi,Tidak Ada,https://brwa.or.id/wa/view/Zy1BZXlMQ2E1aWM
526,T1Z3WjhHMDk1N0k,27 Sep 2015,Sadei Cawang An,Bengkulu,REJANG LEBONG,Selupu Rejang,Ada,Terverifikasi,Ada,https://brwa.or.id/wa/view/T1Z3WjhHMDk1N0k
527,MmVvNFMzWTBOc3c,15 Jul 2013,Simpakng Setutuh,Kalimantan Barat,KETAPANG,-,Ada,Teregistrasi,Ada,https://brwa.or.id/wa/view/MmVvNFMzWTBOc3c
528,VFNfbUtza1ZZS00,15 Jul 2013,Simpakng Segamber,Kalimantan Barat,KETAPANG,-,Ada,Teregistrasi,Ada,https://brwa.or.id/wa/view/VFNfbUtza1ZZS00
529,QWR4T2hiLXVBOTQ,15 Jul 2013,Kendawangan Sungai Buluh Kir,Kalimantan Barat,KETAPANG,-,Ada,Teregistrasi,Ada,https://brwa.or.id/wa/view/QWR4T2hiLXVBOTQ
530,LWZ4SU15YjhGTUU,15 Jul 2013,Kendawangan Sungai Buluh Kanan,Kalimantan Barat,KETAPANG,Manis Mata,Ada,Teregistrasi,Ada,https://brwa.or.id/wa/view/LWZ4SU15YjhGTUU
531,X1JtcFk4ODhyU1k,15 Jul 2013,Jalai Tembiruhan,Kalimantan Barat,KETAPANG,-,Ada,Teregistrasi,Ada,https://brwa.or.id/wa/view/X1JtcFk4ODhyU1k
532,REhRaDUxUDRKZk0,15 Jul 2013,Jalai Setipayan,Kalimantan Barat,KETAPANG,-,Ada,Teregistrasi,Ada,https://brwa.or.id/wa/view/REhRaDUxUDRKZk0
533,dGMyazdhWXBscjA,15 Jul 2013,Kanayatn Benatu,Kalimantan Barat,KETAPANG,-,Ada,Teregistrasi,Ada,https://brwa.or.id/wa/view/dGMyazdhWXBscjA
534,bmlLWk9xMkdMWEk,15 Jul 2013,Kanayatn Air Dua,Kalimantan Barat,KETAPANG,-,Ada,Teregistrasi,Ada,https://brwa.or.id/wa/view/bmlLWk9xMkdMWEk
535,WWFnM2RIOE92cW8,15 Jul 2013,Jalai Pasir Mayang,Kalimantan Barat,KETAPANG,-,Ada,Teregistrasi,Ada,https://brwa.or.id/wa/view/WWFnM2RIOE92cW8
536,OURjaDdHY2lMMXM,15 Jul 2013,Jalai Sungai Kiri,Kalimantan Barat,KETAPANG,-,Ada,Teregistrasi,Ada,https://brwa.or.id/wa/view/OURjaDdHY2lMMXM
537,V1o3UTFtb09rV28,15 Jul 2013,Jalai Lamboi,Kalimantan Barat,KETAPANG,-,Ada,Teregistrasi,Ada,https://brwa.or.id/wa/view/V1o3UTFtb09rV28
538,QTlMZko1Z3lza00,15 Jul 2013,Jalai Pangkalan Pakit,Kalimantan Barat,KETAPANG,-,Ada,Teregistrasi,Ada,https://brwa.or.id/wa/view/QTlMZko1Z3lza00
539,a2RIZ3l1WHphNFE,15 Jul 2013,Jalai Tanjung,Kalimantan Barat,KETAPANG,-,Ada,Teregistrasi,Ada,https://brwa.or.id/wa/view/a2RIZ3l1WHphNFE
540,bGExVHdjcVdBczA,15 Jul 2013,Jalai Penggrawan,Kalimantan Barat,KETAPANG,-,Ada,Teregistrasi,Ada,https://brwa.or.id/wa/view/bGExVHdjcVdBczA
541,TjE2MlJ1aElQanM,15 Jul 2013,Kendawangan Teluk Batu,Kalimantan Barat,KETAPANG,-,Ada,Teregistrasi,Ada,https://brwa.or.id/wa/view/TjE2MlJ1aElQanM
542,Vy1LMnpxWE12X3M,27 Ags 2015,Kendawangan Batu Payung,Kalimantan Barat,KETAPANG,-,Ada,Teregistrasi,Ada,https://brwa.or.id/wa/view/Vy1LMnpxWE12X3M
543,WlVzYUx2QkhtcjA,15 Jul 2013,Kendawangan Rangkong,Kalimantan Barat,KETAPANG,-,Ada,Teregistrasi,Ada,https://brwa.or.id/wa/view/WlVzYUx2QkhtcjA
544,V0UyenhmbktjUHM,15 Jul 2013,Kendawangan Bakong,Kalimantan Barat,KETAPANG,-,Ada,Teregistrasi,Ada,https://brwa.or.id/wa/view/V0UyenhmbktjUHM
545,dDBSQnJEeHAteUU,15 Jul 2013,Joka' Sungai Daka,Kalimantan Barat,KETAPANG,-,Ada,Teregistrasi,Ada,https://brwa.or.id/wa/view/dDBSQnJEeHAteUU
546,cE1QUmZESmFwVEU,15 Jul 2013,Laur Kampung A,Kalimantan Barat,KETAPANG,0,Ada,Teregistrasi,Ada,https://brwa.or.id/wa/view/cE1QUmZESmFwVEU
547,cWdhMVB4eHIyVnM,15 Jul 2013,Laur Kampung C,Kalimantan Barat,KETAPANG,-,Ada,Teregistrasi,Ada,https://brwa.or.id/wa/view/cWdhMVB4eHIyVnM
548,RTc4WUduVGJ0cmM,15 Jul 2013,Laur Kampung B,Kalimantan Barat,KETAPANG,-,Ada,Teregistrasi,Ada,https://brwa.or.id/wa/view/RTc4WUduVGJ0cmM
549,eHM3Zk1GTUpKT0E,15 Jul 2013,Pawatn Deraman,Kalimantan Barat,KETAPANG,-,Ada,Teregistrasi,Ada,https://brwa.or.id/wa/view/eHM3Zk1GTUpKT0E
550,T2ZSeldRUXcwVkE,15 Jul 2013,Simpakng Paser,Kalimantan Barat,KETAPANG,-,Ada,Teregistrasi,Ada,https://brwa.or.id/wa/view/T2ZSeldRUXcwVkE
551,MmV1U2IwX2Y5M28,19 Nop 2024,Dayak Simpang Banua Sajatn Desa Paoh Concong,Kalimantan Barat,KETAPANG,Simpang Hulu,Ada,Teregistrasi,Ada,https://brwa.or.id/wa/view/MmV1U2IwX2Y5M28
552,Sjcza3pHU3lJUjg,15 Jul 2013,Simpakng Pantong,Kalimantan Barat,KETAPANG,-,Ada,Teregistrasi,Ada,https://brwa.or.id/wa/view/Sjcza3pHU3lJUjg
553,RU1XOVJMMzl4STg,15 Jul 2013,Simpakng Kek Sabah,Kalimantan Barat,KETAPANG,-,Ada,Teregistrasi,Ada,https://brwa.or.id/wa/view/RU1XOVJMMzl4STg
554,ZmZkTDdfeU1PT0k,15 Jul 2013,Simpakng Selerang,Kalimantan Barat,KETAPANG,-,Ada,Teregistrasi,Ada,https://brwa.or.id/wa/view/ZmZkTDdfeU1PT0k
555,UjRLRHFxWTl1Qms,15 Jul 2013,Simpakng Lalang,Kalimantan Barat,KETAPANG,-,Ada,Teregistrasi,Ada,https://brwa.or.id/wa/view/UjRLRHFxWTl1Qms
556,Z29IQ2JXLXQ4TFE,17 Apr 2018,Tondok (kampung) Marampa - Lowarang,Sulawesi Selatan,LUWU UTARA,Rongkong,Ada,Terverifikasi,Ada,https://brwa.or.id/wa/view/Z29IQ2JXLXQ4TFE
557,LVJ3LXhjNEpDdjg,27 Ags 2015,Tondok Komba,Sulawesi Selatan,LUWU UTARA,Rongkong,Ada,Terverifikasi,Ada,https://brwa.or.id/wa/view/LVJ3LXhjNEpDdjg
558,VmJSM3VPX0YyR00,06 Apr 2014,Tondok (kampung) Balannalu,Sulawesi Selatan,LUWU UTARA,Rongkong,Ada,Terverifikasi,Ada,https://brwa.or.id/wa/view/VmJSM3VPX0YyR00
559,RWhIbF9OLWdFQk0,15 Jul 2013,Simpakng Kek Lipur,Kalimantan Barat,KETAPANG,-,Ada,Teregistrasi,Ada,https://brwa.or.id/wa/view/RWhIbF9OLWdFQk0
560,QmozX0VrMmhuVFE,15 Jul 2013,Simpakng Perogung,Kalimantan Barat,KETAPANG,-,Ada,Teregistrasi,Ada,https://brwa.or.id/wa/view/QmozX0VrMmhuVFE
561,RzhnMHhSTHpPaEk,15 Jul 2013,Simpakng Tolus,Kalimantan Barat,KETAPANG,-,Ada,Teregistrasi,Ada,https://brwa.or.id/wa/view/RzhnMHhSTHpPaEk
562,eENMZ1BDeHI4TjA,15 Jul 2013,Simpakng Patobang,Kalimantan Barat,KETAPANG,-,Ada,Teregistrasi,Ada,https://brwa.or.id/wa/view/eENMZ1BDeHI4TjA
563,dUxhRENnaDh0RDg,15 Jul 2013,Simpakng Blonse,Kalimantan Barat,KETAPANG,-,Ada,Teregistrasi,Ada,https://brwa.or.id/wa/view/dUxhRENnaDh0RDg
564,QkpsV1p5UGNTRDA,15 Jul 2013,Simpakng Langkar,Kalimantan Barat,KETAPANG,-,Ada,Teregistrasi,Ada,https://brwa.or.id/wa/view/QkpsV1p5UGNTRDA
565,cVY1ajBwbi1uWUk,15 Jul 2013,Simpakng Belantek,Kalimantan Barat,KETAPANG,-,Ada,Teregistrasi,Ada,https://brwa.or.id/wa/view/cVY1ajBwbi1uWUk
566,NmpHTFVrWVdxRFE,15 Jul 2013,Simpakng Nek Bedang,Kalimantan Barat,KETAPANG,-,Ada,Teregistrasi,Ada,https://brwa.or.id/wa/view/NmpHTFVrWVdxRFE
567,RkhmMWhKZlhxRVE,15 Jul 2013,Simpakng Balai Kumai,Kalimantan Barat,KETAPANG,-,Ada,Teregistrasi,Ada,https://brwa.or.id/wa/view/RkhmMWhKZlhxRVE
568,SHBKSG5oNzBBSkk,15 Jul 2013,Simpakng Penautn,Kalimantan Barat,KETAPANG,-,Ada,Teregistrasi,Ada,https://brwa.or.id/wa/view/SHBKSG5oNzBBSkk
569,dU9vTWtLSmhVUVE,15 Jul 2013,Simpakng Sekantak,Kalimantan Barat,KETAPANG,-,Ada,Teregistrasi,Ada,https://brwa.or.id/wa/view/dU9vTWtLSmhVUVE
570,M09zU0doalI0U00,15 Jul 2013,Simpakng Mungus,Kalimantan Barat,KETAPANG,-,Ada,Teregistrasi,Ada,https://brwa.or.id/wa/view/M09zU0doalI0U00
571,U2YwWVV1eXFDNFk,15 Jul 2013,Simpakng Kelabit,Kalimantan Barat,KETAPANG,-,Ada,Teregistrasi,Ada,https://brwa.or.id/wa/view/U2YwWVV1eXFDNFk
572,NzlrdzRheWgzZGM,15 Jul 2013,Simpakng Gensao,Kalimantan Barat,KETAPANG,-,Ada,Teregistrasi,Ada,https://brwa.or.id/wa/view/NzlrdzRheWgzZGM
573,dmNnMjRoRVFtcTQ,15 Jul 2013,Simpakng Gensali,Kalimantan Barat,KETAPANG,-,Ada,Teregistrasi,Ada,https://brwa.or.id/wa/view/dmNnMjRoRVFtcTQ
574,aGMwbVhHQnlZcHM,15 Jul 2013,Krio Kenyabur,Kalimantan Barat,KETAPANG,-,Ada,Teregistrasi,Ada,https://brwa.or.id/wa/view/aGMwbVhHQnlZcHM
575,UE5xN055RVgyYVU,15 Jul 2013,Krio Teluk Songkam,Kalimantan Barat,KETAPANG,-,Ada,Teregistrasi,Ada,https://brwa.or.id/wa/view/UE5xN055RVgyYVU
576,ZmhORUFKU180aWs,15 Jul 2013,Krio Congkong Baru,Kalimantan Barat,KETAPANG,Hulu Sungai,Ada,Teregistrasi,Ada,https://brwa.or.id/wa/view/ZmhORUFKU180aWs
577,c2VnQUZEd3o2RGc,15 Jul 2013,Krio Kenabung,Kalimantan Barat,KETAPANG,Hulu Sungai,Ada,Teregistrasi,Ada,https://brwa.or.id/wa/view/c2VnQUZEd3o2RGc
578,VEIyMW1MckM0Sjg,15 Jul 2013,Krio Kenyauk,Kalimantan Barat,KETAPANG,Hulu Sungai,Ada,Teregistrasi,Ada,https://brwa.or.id/wa/view/VEIyMW1MckM0Sjg
579,aFMxUk9TdUhoM2c,15 Jul 2013,Krio Tagua Forest,Kalimantan Barat,KETAPANG,-,Ada,Teregistrasi,Ada,https://brwa.or.id/wa/view/aFMxUk9TdUhoM2c
580,WEh1cXF4NmktXzg,15 Jul 2013,Simpakng Setontong,Kalimantan Barat,KETAPANG,-,Ada,Teregistrasi,Ada,https://brwa.or.id/wa/view/WEh1cXF4NmktXzg
581,QjRqWWdXdDFCRXM,25 Ags 2015,Tondok Manganan,Sulawesi Selatan,LUWU UTARA,Rongkong,Ada,Terverifikasi,Ada,https://brwa.or.id/wa/view/QjRqWWdXdDFCRXM
582,d1c5RGw3Q0lHRWs,25 Ags 2015,Punan Tanjung Lokang,Kalimantan Barat,KAPUAS HULU,-,Ada,Teregistrasi,Ada,https://brwa.or.id/wa/view/d1c5RGw3Q0lHRWs
583,bFpTdi1BemNMcms,15 Jul 2013,Punan Nanga Bungan,Kalimantan Barat,KAPUAS HULU,-,Ada,Teregistrasi,Ada,https://brwa.or.id/wa/view/bFpTdi1BemNMcms
584,OHpxX21yX0xzSWM,15 Jul 2013,Kayaan – Buket Datah Diaan di Sungai Medalaam,Kalimantan Barat,KAPUAS HULU,Putussibau Utara,Ada,Terverifikasi,Ada,https://brwa.or.id/wa/view/OHpxX21yX0xzSWM
585,emI4SGZwOXBtQUE,15 Jul 2013,Iban Laok Rugun,Kalimantan Barat,KAPUAS HULU,Embaloh Hulu,Ada,Teregistrasi,Ada,https://brwa.or.id/wa/view/emI4SGZwOXBtQUE
586,dlduN0Z3WXdWUE0,23 Apr 2012,Iban Munggu,Kalimantan Barat,KAPUAS HULU,Embaloh Hulu,Ada,Teregistrasi,Ada,https://brwa.or.id/wa/view/dlduN0Z3WXdWUE0
587,SlJ2dzl1T21aWHM,25 Ags 2015,to tambee,Sulawesi Selatan,LUWU TIMUR,Nuha/Wasuponda,Ada,Terverifikasi,Ada,https://brwa.or.id/wa/view/SlJ2dzl1T21aWHM
588,WUhpOUt0ZWRISUU,25 Ags 2015,Komunitas To Passe,Sulawesi Selatan,LUWU,Walenrang Barat,Ada,Terverifikasi,Ada,https://brwa.or.id/wa/view/WUhpOUt0ZWRISUU
589,NWw3SVBseW9yOUE,25 Apr 2016,Bolla’ (kampung) Tedeboe,Sulawesi Selatan,LUWU UTARA,Rampi,Ada,Terverifikasi,Ada,https://brwa.or.id/wa/view/NWw3SVBseW9yOUE
590,T3h5OTFuNVRwSTQ,15 Jul 2013,Dayak Iban Menua Sungai Tebelian,Kalimantan Barat,KAPUAS HULU,EMBALOH HULU,Ada,Tersertifikasi,Ada,https://brwa.or.id/wa/view/T3h5OTFuNVRwSTQ
591,UjgxZ3JqWXhLejQ,15 Jul 2013,Ensilat Ld Rantau,Kalimantan Barat,KAPUAS HULU,-,Ada,Teregistrasi,Ada,https://brwa.or.id/wa/view/UjgxZ3JqWXhLejQ
592,UDNrb3RrTjhIdDg,15 Jul 2013,Kampung Ensilat Merambang,Kalimantan Barat,KAPUAS HULU,Silat Hulu,Ada,Teregistrasi,Ada,https://brwa.or.id/wa/view/UDNrb3RrTjhIdDg
593,UW9tUndzZWNGNVU,15 Jul 2013,Ensilat Gedabang,Kalimantan Barat,KAPUAS HULU,Silat Hulu,Ada,Teregistrasi,Ada,https://brwa.or.id/wa/view/UW9tUndzZWNGNVU
594,d3hDSlZpN05TekE,15 Jul 2013,Ensilat Inggut,Kalimantan Barat,KAPUAS HULU,-,Ada,Teregistrasi,Ada,https://brwa.or.id/wa/view/d3hDSlZpN05TekE
595,RjNydGV2cFR1bFU,15 Jul 2013,Ensilat Pengga Putih,Kalimantan Barat,KAPUAS HULU,-,Ada,Teregistrasi,Ada,https://brwa.or.id/wa/view/RjNydGV2cFR1bFU
596,bWFDaFJia0U0bnc,15 Jul 2013,Sebaru' Sungai Canggai,Kalimantan Barat,KAPUAS HULU,-,Ada,Teregistrasi,Ada,https://brwa.or.id/wa/view/bWFDaFJia0U0bnc
597,Ym5aZHRuTDhNRjA,25 Ags 2015,Sebaru' Sungai Sena,Kalimantan Barat,KAPUAS HULU,-,Ada,Teregistrasi,Ada,https://brwa.or.id/wa/view/Ym5aZHRuTDhNRjA
598,bENpcnk3U0hXSU0,29 Apr 2020,Komplek Nanga Danau,Kalimantan Barat,KAPUAS HULU,KALIS,Ada,Tersertifikasi,Ada,https://brwa.or.id/wa/view/bENpcnk3U0hXSU0
599,NUJlM3pLd2g2WmM,15 Jul 2013,Kampung Nanga Suang,Kalimantan Barat,KAPUAS HULU,-,Ada,Teregistrasi,Ada,https://brwa.or.id/wa/view/NUJlM3pLd2g2WmM
600,Q1k4SDFnNlZudGM,24 Ags 2015,Paranta,Sulawesi Selatan,LUWU,Walendrang Barat,Ada,Terverifikasi,Ada,https://brwa.or.id/wa/view/Q1k4SDFnNlZudGM
601,MlFWaWd4OEx6cnM,07 Apr 2016,Bolla’ (kampung) Onondowa,Sulawesi Selatan,LUWU UTARA,Rampi,Ada,Terverifikasi,Ada,https://brwa.or.id/wa/view/MlFWaWd4OEx6cnM
602,QXpJa1IyRlhFMUE,24 Ags 2015,Sawai Solang Botung,Kalimantan Barat,SEKADAU,-,Ada,Teregistrasi,Ada,https://brwa.or.id/wa/view/QXpJa1IyRlhFMUE
603,MllDYlM5LXNNdm8,24 Ags 2015,Mualang Merbang,Kalimantan Barat,SEKADAU,-,Ada,Teregistrasi,Ada,https://brwa.or.id/wa/view/MllDYlM5LXNNdm8
604,dmRud2V2SmhyU1U,24 Ags 2015,Mualang Biawak,Kalimantan Barat,SEKADAU,-,Ada,Teregistrasi,Ada,https://brwa.or.id/wa/view/dmRud2V2SmhyU1U
605,R0JtQjBTbWRfVWs,24 Ags 2015,Mentuka' Kelampuk,Kalimantan Barat,SEKADAU,-,Ada,Teregistrasi,Ada,https://brwa.or.id/wa/view/R0JtQjBTbWRfVWs
606,bkVNNGxKSUI3bkk,24 Ags 2015,Mentuka' Ladak,Kalimantan Barat,SEKADAU,-,Ada,Teregistrasi,Ada,https://brwa.or.id/wa/view/bkVNNGxKSUI3bkk
607,R2FFaDNVN2ppdGc,24 Ags 2015,Mentuka' Kenaman,Kalimantan Barat,SEKADAU,-,Ada,Teregistrasi,Ada,https://brwa.or.id/wa/view/R2FFaDNVN2ppdGc
608,Z1h1RnhHOUJXRkk,24 Ags 2015,Mentuka' Sangke,Kalimantan Barat,SEKADAU,-,Ada,Teregistrasi,Ada,https://brwa.or.id/wa/view/Z1h1RnhHOUJXRkk
609,TW1hbGYyRGMxeW8,24 Ags 2015,Mentuka' Agur,Kalimantan Barat,SEKADAU,-,Ada,Teregistrasi,Ada,https://brwa.or.id/wa/view/TW1hbGYyRGMxeW8
610,X3FwU1dZeENJWkU,24 Ags 2015,Jawatn Bongkit,Kalimantan Barat,SEKADAU,-,Ada,Teregistrasi,Ada,https://brwa.or.id/wa/view/X3FwU1dZeENJWkU
611,dDRtLUtaVEItbjA,24 Ags 2015,Jawatn Sungai Gontin,Kalimantan Barat,SEKADAU,-,Ada,Teregistrasi,Ada,https://brwa.or.id/wa/view/dDRtLUtaVEItbjA
612,VWh2VzJMV3FKXzg,25 Apr 2016,Tondok (kampung) Limbong,Sulawesi Selatan,LUWU UTARA,Rongkong,Ada,Terverifikasi,Ada,https://brwa.or.id/wa/view/VWh2VzJMV3FKXzg
613,bDBHTW1fdXpOc0k,24 Ags 2015,Jawatn Engkorong,Kalimantan Barat,SEKADAU,-,Ada,Teregistrasi,Ada,https://brwa.or.id/wa/view/bDBHTW1fdXpOc0k
614,enJCTHU5b2ZGSTg,24 Ags 2015,Ketungau Roca,Kalimantan Barat,SEKADAU,-,Ada,Teregistrasi,Ada,https://brwa.or.id/wa/view/enJCTHU5b2ZGSTg
615,Z0NCMzUwVmwwanM,24 Ags 2015,Adat  Leboni,Sulawesi Selatan,LUWU UTARA,Rampi,Ada,Terverifikasi,Ada,https://brwa.or.id/wa/view/Z0NCMzUwVmwwanM
616,Q1FUN0UtYk5HbGM,14 Nop 2012,Kampung Boti,Kalimantan Barat,SEKADAU,Sekadau Hulu,Ada,Teregistrasi,Ada,https://brwa.or.id/wa/view/Q1FUN0UtYk5HbGM
617,SHJFTjNTX1ZOaXc,24 Ags 2015,Jawatn Tapang Birah,Kalimantan Barat,SEKADAU,-,Ada,Teregistrasi,Ada,https://brwa.or.id/wa/view/SHJFTjNTX1ZOaXc
618,bnhrR2M0MGZjeXc,24 Ags 2015,Ketungau Sesae Sumpit,Kalimantan Barat,SEKADAU,-,Ada,Teregistrasi,Ada,https://brwa.or.id/wa/view/bnhrR2M0MGZjeXc
619,S2Q1TDFpVGNqOFk,24 Ags 2015,Adat Dodolo,Sulawesi Selatan,LUWU,Rampi,Ada,Terverifikasi,Ada,https://brwa.or.id/wa/view/S2Q1TDFpVGNqOFk
620,OWtrcS1iTTlsZVU,24 Ags 2015,Ketungau Sesae Empetai,Kalimantan Barat,SEKADAU,-,Ada,Teregistrasi,Ada,https://brwa.or.id/wa/view/OWtrcS1iTTlsZVU
621,dndBa2Q3b2x3V2s,24 Ags 2015,Buntu Tallang,Sulawesi Selatan,LUWU,Walenrang Barat,Tidak Ada,Teregistrasi,Ada,https://brwa.or.id/wa/view/dndBa2Q3b2x3V2s
622,OVRhbDF1N0drcVk,24 Ags 2015,Tondok (kampung) Amboan,Sulawesi Selatan,LUWU UTARA,Limbong,Ada,Terverifikasi,Ada,https://brwa.or.id/wa/view/OVRhbDF1N0drcVk
623,dl85cEQ0WDJXWmc,03 Jun 2012,Mualang Empajak,Kalimantan Barat,SEKADAU,Belitang Hilir,Ada,Teregistrasi,Ada,https://brwa.or.id/wa/view/dl85cEQ0WDJXWmc
624,RzFSN3dTbURhTFU,24 Ags 2015,Ketungau Sesae Tapang Mudai,Kalimantan Barat,SEKADAU,-,Ada,Teregistrasi,Ada,https://brwa.or.id/wa/view/RzFSN3dTbURhTFU
625,UEN6U3dVRDJPQ3c,24 Ags 2015,Mualang Sungai Kulat,Kalimantan Barat,SEKADAU,-,Ada,Teregistrasi,Ada,https://brwa.or.id/wa/view/UEN6U3dVRDJPQ3c
626,a2dfOGdYMy0xOHM,24 Ags 2015,Mualang Tapang Baroh,Kalimantan Barat,SEKADAU,-,Ada,Teregistrasi,Ada,https://brwa.or.id/wa/view/a2dfOGdYMy0xOHM
627,NVN5SnFETEhHdlU,24 Jul 2013,Mualang Menawai Ulu,Kalimantan Barat,SEKADAU,-,Ada,Teregistrasi,Ada,https://brwa.or.id/wa/view/NVN5SnFETEhHdlU
628,MjJrQ3RVTFh6N3M,24 Ags 2015,Mualang Kerintak,Kalimantan Barat,SEKADAU,-,Ada,Teregistrasi,Ada,https://brwa.or.id/wa/view/MjJrQ3RVTFh6N3M
629,TmdCRVhFaVhtOVk,24 Ags 2015,Mualang Menawai Tekam,Kalimantan Barat,SEKADAU,-,Ada,Teregistrasi,Ada,https://brwa.or.id/wa/view/TmdCRVhFaVhtOVk
630,dHNwamhmbVRVdWs,24 Ags 2015,Mualang Menawai Lingkau,Kalimantan Barat,SEKADAU,-,Ada,Teregistrasi,Ada,https://brwa.or.id/wa/view/dHNwamhmbVRVdWs
631,MFdSaVdYT1VxTkU,24 Mar 2015,Desa Suak Terentang,Kalimantan Barat,SEKADAU,-,Ada,Teregistrasi,Ada,https://brwa.or.id/wa/view/MFdSaVdYT1VxTkU
632,ZUZ6NVlTUno2WVk,24 Ags 2015,Desa Batu Bedan,Kalimantan Barat,SEKADAU,-,Ada,Teregistrasi,Ada,https://brwa.or.id/wa/view/ZUZ6NVlTUno2WVk
633,RTR2dV9NeE1OcWM,24 Ags 2015,Taman Senoban,Kalimantan Barat,SEKADAU,-,Ada,Teregistrasi,Ada,https://brwa.or.id/wa/view/RTR2dV9NeE1OcWM
634,NS0xZ1Y5TXZuUGs,14 Nop 2012,Riam Batang,Kalimantan Barat,SEKADAU,Nanga Mahap,Ada,Teregistrasi,Ada,https://brwa.or.id/wa/view/NS0xZ1Y5TXZuUGs
635,ejlpUUFrSUtfbGM,14 Nop 2012,Riam Prupuk,Kalimantan Barat,SEKADAU,Nanga Mahap,Ada,Teregistrasi,Ada,https://brwa.or.id/wa/view/ejlpUUFrSUtfbGM
636,UDAzNE55V2R1eE0,24 Ags 2015,Matteko,Sulawesi Selatan,GOWA,Tombolo Pao,Ada,Teregistrasi,Tidak Ada,https://brwa.or.id/wa/view/UDAzNE55V2R1eE0
637,MTBDNHNmRDlieDA,24 Ags 2015,Tapong,Sulawesi Selatan,ENREKANG,Maiwa,Ada,Teregistrasi,Ada,https://brwa.or.id/wa/view/MTBDNHNmRDlieDA
638,c1dUZ0RrR082NFE,24 Ags 2015,Bungku Owi Singkalong,Sulawesi Selatan,LUWU UTARA,Seko,Ada,Terverifikasi,Ada,https://brwa.or.id/wa/view/c1dUZ0RrR082NFE
639,QVdGLTB6bUo4Y1U,14 Nop 2012,Sorowako,Sulawesi Selatan,LUWU TIMUR,-,Ada,Teregistrasi,Ada,https://brwa.or.id/wa/view/QVdGLTB6bUo4Y1U
640,akxoWFYxTENTdmM,24 Nop 2012,Turong,Sulawesi Selatan,LUWU UTARA,Seko,Ada,Terverifikasi,Ada,https://brwa.or.id/wa/view/akxoWFYxTENTdmM
641,VUg0VDIzRkFnaHc,24 Ags 2015,Sangtandung,Sulawesi Selatan,LUWU,Walerang Utara,Ada,Terverifikasi,Ada,https://brwa.or.id/wa/view/VUg0VDIzRkFnaHc
642,YlR2YUlWMVVYZzQ,14 Nop 2012,Sebabas,Kalimantan Barat,SEKADAU,Nanga Mahap,Ada,Teregistrasi,Ada,https://brwa.or.id/wa/view/YlR2YUlWMVVYZzQ
643,SjBBcWlISEdQMGM,14 Nop 2012,Sengkabang,Kalimantan Barat,SEKADAU,Nanga Mahap,Ada,Teregistrasi,Ada,https://brwa.or.id/wa/view/SjBBcWlISEdQMGM
644,Y0w1b0FPaG5fekk,14 Nop 2012,Setugal,Kalimantan Barat,SEKADAU,Nanga Mahap,Ada,Teregistrasi,Ada,https://brwa.or.id/wa/view/Y0w1b0FPaG5fekk
645,WlhSVEVZUlY0eDQ,14 Nop 2012,Soruk,Kalimantan Barat,SEKADAU,Nanga Mahap,Ada,Teregistrasi,Ada,https://brwa.or.id/wa/view/WlhSVEVZUlY0eDQ
646,eDBVQkdRR1JKYms,14 Nop 2012,Suak Mansi,Kalimantan Barat,SEKADAU,Nanga Mahap,Ada,Teregistrasi,Ada,https://brwa.or.id/wa/view/eDBVQkdRR1JKYms
647,UU04cXJ4OHR5cjA,14 Nop 2012,Sungai Ijo,Kalimantan Barat,SEKADAU,Nanga Mahap,Ada,Teregistrasi,Ada,https://brwa.or.id/wa/view/UU04cXJ4OHR5cjA
648,Q1dFQ0l6S3lGSFU,14 Nop 2012,Sungai Langsat,Kalimantan Barat,SEKADAU,Nanga Mahap,Ada,Teregistrasi,Ada,https://brwa.or.id/wa/view/Q1dFQ0l6S3lGSFU
649,VmJud2laUmZrcjQ,14 Nop 2012,Sungai Mayong,Kalimantan Barat,SEKADAU,Nanga Mahap,Ada,Teregistrasi,Ada,https://brwa.or.id/wa/view/VmJud2laUmZrcjQ
650,alBOeTl3VVBocU0,14 Nop 2012,Tajau Bunga,Kalimantan Barat,SEKADAU,Nanga Mahap,Ada,Teregistrasi,Ada,https://brwa.or.id/wa/view/alBOeTl3VVBocU0
651,X3phSG5tTXlYMTg,14 Nop 2012,Tanjung Selasih,Kalimantan Barat,SEKADAU,Nanga Mahap,Ada,Teregistrasi,Ada,https://brwa.or.id/wa/view/X3phSG5tTXlYMTg
652,TUR5Ql9URk5NdHM,14 Nop 2012,Tapang Bira,Kalimantan Barat,SEKADAU,Nanga Mahap,Ada,Teregistrasi,Ada,https://brwa.or.id/wa/view/TUR5Ql9URk5NdHM
653,N2Yza3gyRUw2U00,14 Nop 2012,Tapang Tomat,Kalimantan Barat,SEKADAU,Nanga Mahap,Ada,Teregistrasi,Ada,https://brwa.or.id/wa/view/N2Yza3gyRUw2U00
654,eG9nbWxXZ1k3SzQ,14 Nop 2012,Teluk Kebau,Kalimantan Barat,SEKADAU,Nanga Mahap,Ada,Teregistrasi,Ada,https://brwa.or.id/wa/view/eG9nbWxXZ1k3SzQ
655,VF9ubHNMb0JzWVE,14 Nop 2012,Teluk Kebiuk,Kalimantan Barat,SEKADAU,Nanga Mahap,Ada,Teregistrasi,Ada,https://brwa.or.id/wa/view/VF9ubHNMb0JzWVE
656,ZDZvRUh5aU5kd1k,14 Nop 2012,Tembaga Bango,Kalimantan Barat,SEKADAU,Nanga Mahap,Ada,Teregistrasi,Ada,https://brwa.or.id/wa/view/ZDZvRUh5aU5kd1k
657,UW93SGcxTHVvNWc,14 Nop 2012,Tembesuk,Kalimantan Barat,SEKADAU,Nanga Mahap,Ada,Teregistrasi,Ada,https://brwa.or.id/wa/view/UW93SGcxTHVvNWc
658,MEktM2tJcEIwc3c,14 Nop 2012,Pulo Baak,Kalimantan Barat,SEKADAU,Nanga Mahap,Ada,Teregistrasi,Ada,https://brwa.or.id/wa/view/MEktM2tJcEIwc3c
659,OW93bGZ1LTNQN0U,14 Nop 2012,Pekawai,Kalimantan Barat,SEKADAU,Nanga Mahap,Ada,Teregistrasi,Ada,https://brwa.or.id/wa/view/OW93bGZ1LTNQN0U
660,OGJOSUtaX19uYmM,14 Nop 2012,Pait,Kalimantan Barat,SEKADAU,Nanga Mahap,Ada,Teregistrasi,Ada,https://brwa.or.id/wa/view/OGJOSUtaX19uYmM
661,X3huTWZQcmtWamc,14 Nop 2012,Nyonak,Kalimantan Barat,SEKADAU,Nanga Mahap,Ada,Teregistrasi,Ada,https://brwa.or.id/wa/view/X3huTWZQcmtWamc
662,OEdwV0tDbjVDTGs,14 Nop 2012,Nanga Suri,Kalimantan Barat,SEKADAU,Nanga Mahap,Ada,Teregistrasi,Ada,https://brwa.or.id/wa/view/OEdwV0tDbjVDTGs
663,c3NDNzR5SlBoRTg,14 Nop 2012,Nanga Mahap,Kalimantan Barat,SEKADAU,Nanga Mahap,Ada,Teregistrasi,Ada,https://brwa.or.id/wa/view/c3NDNzR5SlBoRTg
664,NjFfdkhpWUpmejA,14 Nop 2012,Nanga Enturah,Kalimantan Barat,SEKADAU,Nanga Mahap,Ada,Teregistrasi,Ada,https://brwa.or.id/wa/view/NjFfdkhpWUpmejA
665,N2ZXa3NzazdqMGs,14 Nop 2012,Nanga Ensayang,Kalimantan Barat,SEKADAU,Nanga Mahap,Ada,Teregistrasi,Ada,https://brwa.or.id/wa/view/N2ZXa3NzazdqMGs
666,YVB1NUZyNmZfZEk,14 Nop 2012,Manjang,Kalimantan Barat,SEKADAU,Nanga Mahap,Ada,Teregistrasi,Ada,https://brwa.or.id/wa/view/YVB1NUZyNmZfZEk
667,MXBwNWpBUjhtbzQ,14 Nop 2012,Landau Menserai,Kalimantan Barat,SEKADAU,-,Ada,Teregistrasi,Ada,https://brwa.or.id/wa/view/MXBwNWpBUjhtbzQ
668,UXB5UUdUSFl5RTg,14 Nop 2012,Landau Kumpai,Kalimantan Barat,SEKADAU,-,Ada,Teregistrasi,Ada,https://brwa.or.id/wa/view/UXB5UUdUSFl5RTg
669,NjhMLUpTcVpEWWM,14 Nop 2012,Landau Apin,Kalimantan Barat,SEKADAU,-,Ada,Teregistrasi,Ada,https://brwa.or.id/wa/view/NjhMLUpTcVpEWWM
670,LVR6ZkkwWHdfbEU,14 Nop 2012,Kemoyuk,Kalimantan Barat,SEKADAU,-,Ada,Teregistrasi,Ada,https://brwa.or.id/wa/view/LVR6ZkkwWHdfbEU
671,RE5KNlAtbXVnNGM,14 Nop 2012,Keladan,Kalimantan Barat,SEKADAU,-,Ada,Teregistrasi,Ada,https://brwa.or.id/wa/view/RE5KNlAtbXVnNGM
672,UHBlWWVmMUdnQ3c,14 Nop 2012,Karang Botung,Kalimantan Barat,SEKADAU,-,Ada,Teregistrasi,Ada,https://brwa.or.id/wa/view/UHBlWWVmMUdnQ3c
673,Z3pJUkVJXzMwMWc,14 Nop 2012,Jongkong,Kalimantan Barat,SEKADAU,-,Ada,Teregistrasi,Ada,https://brwa.or.id/wa/view/Z3pJUkVJXzMwMWc
674,LXZqX2JkMFpaQ3c,14 Nop 2012,Gurung Urau,Kalimantan Barat,SEKADAU,-,Ada,Teregistrasi,Ada,https://brwa.or.id/wa/view/LXZqX2JkMFpaQ3c
675,TTM3VmZ4SnV1QUE,14 Nop 2012,Botung Serawak,Kalimantan Barat,SEKADAU,-,Ada,Teregistrasi,Ada,https://brwa.or.id/wa/view/TTM3VmZ4SnV1QUE
676,SzNyT25iQWVZNGs,14 Nop 2012,Belanger,Kalimantan Barat,SEKADAU,-,Ada,Teregistrasi,Ada,https://brwa.or.id/wa/view/SzNyT25iQWVZNGs
677,ckNpcUxOTnJNdnc,14 Nop 2012,Batu Pahat,Kalimantan Barat,SEKADAU,-,Ada,Teregistrasi,Ada,https://brwa.or.id/wa/view/ckNpcUxOTnJNdnc
678,MC1JQmlVS2JUR1U,14 Nop 2012,Batu Koran,Kalimantan Barat,SEKADAU,Hanga-Mahap,Ada,Teregistrasi,Ada,https://brwa.or.id/wa/view/MC1JQmlVS2JUR1U
679,LTlGa1dKU3dyUXc,14 Nop 2012,Baa,Kalimantan Barat,SEKADAU,-,Ada,Teregistrasi,Ada,https://brwa.or.id/wa/view/LTlGa1dKU3dyUXc
680,YXQ0ME5nblJpa1U,14 Nop 2012,Manjang - Dayak Taman,Kalimantan Barat,SEKADAU,SEKADAU HULU,Ada,Teregistrasi,Ada,https://brwa.or.id/wa/view/YXQ0ME5nblJpa1U
681,LTYxZWJ5QXk4NkU,12 Jul 2023,Ngata Tompu,Sulawesi Tengah,SIGI,Sigi Biromaru,Ada,Terverifikasi,Ada,https://brwa.or.id/wa/view/LTYxZWJ5QXk4NkU
682,N3JsOF9LcXFwM2s,19 Ags 2015,Lipu Tinonda,Sulawesi Tengah,BANGGAI,Lamala,Ada,Terverifikasi,Tidak Ada,https://brwa.or.id/wa/view/N3JsOF9LcXFwM2s
683,djNNS0dlYk8tX1U,19 Ags 2015,Taa Salaki,Sulawesi Tengah,MOROWALI,-,Ada,Teregistrasi,Ada,https://brwa.or.id/wa/view/djNNS0dlYk8tX1U
684,cmo4NzAzcDI0aHc,19 Ags 2015,Simpangan,Sulawesi Tengah,BANGGAI,Masama,Ada,Terverifikasi,Tidak Ada,https://brwa.or.id/wa/view/cmo4NzAzcDI0aHc
685,UjhMWUl5Z0VGSlU,19 Ags 2015,Ngata Pilimakujawa,Sulawesi Tengah,SIGI,Kulawi Selatan,Ada,Terverifikasi,Ada,https://brwa.or.id/wa/view/UjhMWUl5Z0VGSlU
686,MFhOWnlSR0pkYTQ,14 Nop 2012,Ngata Pesoe,Sulawesi Tengah,DONGGALA,Marawola,Ada,Teregistrasi,Tidak Ada,https://brwa.or.id/wa/view/MFhOWnlSR0pkYTQ
687,a2ZWT3lUbDNtNE0,19 Ags 2015,Wanua Doda,Sulawesi Tengah,POSO,Lore Tengah,Ada,Terverifikasi,Tidak Ada,https://brwa.or.id/wa/view/a2ZWT3lUbDNtNE0
688,OVE4WU9Nd3h0YUU,19 Ags 2015,Ogolemo,Sulawesi Tengah,PARIGI MOUTONG,-,Ada,Teregistrasi,Tidak Ada,https://brwa.or.id/wa/view/OVE4WU9Nd3h0YUU
689,LWpndDF5S1Z4dVE,15 Jul 2013,Lampu,Sulawesi Tengah,DONGGALA,-,Ada,Teregistrasi,Tidak Ada,https://brwa.or.id/wa/view/LWpndDF5S1Z4dVE
690,LVN4QUl0U25NRWs,14 Nop 2012,Wanua Kolori,Sulawesi Tengah,POSO,Lore  Barat,Ada,Terverifikasi,Tidak Ada,https://brwa.or.id/wa/view/LVN4QUl0U25NRWs
691,YldvdTFpRFVyd1U,19 Ags 2015,Wanua Kageroa,Sulawesi Tengah,POSO,Lore Barat,Ada,Terverifikasi,Tidak Ada,https://brwa.or.id/wa/view/YldvdTFpRFVyd1U
692,VGlVcGExdlNVNU0,14 Nop 2012,Bahomotefe,Sulawesi Tengah,MOROWALI,-,Ada,Teregistrasi,Ada,https://brwa.or.id/wa/view/VGlVcGExdlNVNU0
693,S1FnSW9IajY4bm8,15 Jul 2013,Punan Dulau,Kalimantan Utara,BULUNGAN,Sekatak,Ada,Teregistrasi,Ada,https://brwa.or.id/wa/view/S1FnSW9IajY4bm8
694,WVBlc2xUUGhXZTQ,15 Jul 2013,Gadang,Kalimantan Selatan,KOTA BARU,Hampang,Ada,Teregistrasi,Ada,https://brwa.or.id/wa/view/WVBlc2xUUGhXZTQ
695,N2VqM1B0Q1h6Tms,19 Ags 2015,Balai Pantai Uang,Kalimantan Selatan,HULU SUNGAI TENGAH,Hantakan,Ada,Teregistrasi,Ada,https://brwa.or.id/wa/view/N2VqM1B0Q1h6Tms
696,WjNrb2s0WlNOLTQ,14 Nop 2012,Balai Limbur,Kalimantan Selatan,KOTA BARU,Hampang,Ada,Teregistrasi,Ada,https://brwa.or.id/wa/view/WjNrb2s0WlNOLTQ
697,RUJ0RWRwR1pfQVk,19 Ags 2015,Loksado,Kalimantan Selatan,HULU SUNGAI SELATAN,-,Ada,Teregistrasi,Ada,https://brwa.or.id/wa/view/RUJ0RWRwR1pfQVk
698,Qms1aHFic2Zoemc,19 Ags 2015,Tamunih,Kalimantan Selatan,TANAH BUMBU,Kepayang,Ada,Teregistrasi,Ada,https://brwa.or.id/wa/view/Qms1aHFic2Zoemc
699,TWs5MlN0RGJONmM,15 Jul 2013,Karya Sepakat,Kalimantan Selatan,TANAH BUMBU,Mentiwe,Ada,Teregistrasi,Ada,https://brwa.or.id/wa/view/TWs5MlN0RGJONmM
700,V3hENmp0cDBWOHM,15 Jul 2013,Batu Kambar,Kalimantan Selatan,HULU SUNGAI TENGAH,Batang alai timur,Ada,Teregistrasi,Ada,https://brwa.or.id/wa/view/V3hENmp0cDBWOHM
701,RGFQOVg2VnBfaVk,15 Jul 2013,kampung Bangkalaan,Kalimantan Selatan,KOTA BARU,Kelompang Hulu,Ada,Teregistrasi,Ada,https://brwa.or.id/wa/view/RGFQOVg2VnBfaVk
702,TE9CanJRSDFJNTg,15 Jul 2013,Balai Uren,Kalimantan Selatan,BALANGAN,Halong,Ada,Teregistrasi,Ada,https://brwa.or.id/wa/view/TE9CanJRSDFJNTg
703,Wmh6TVdLOE9wTkE,19 Ags 2015,Balai Papagaran,Kalimantan Selatan,HULU SUNGAI TENGAH,Hantakan,Ada,Teregistrasi,Ada,https://brwa.or.id/wa/view/Wmh6TVdLOE9wTkE
704,RldjSjBaeHdTOWc,28 Ags 2015,Lohak Talang 20 Patar,Riau,INDRAGIRI HULU,Rakit Kulum,Ada,Teregistrasi,Ada,https://brwa.or.id/wa/view/RldjSjBaeHdTOWc
705,WlJFTUJIUS1WMUE,28 Ags 2015,Luak Anak Talang,Riau,INDRAGIRI HULU,Batang Cinaku,Ada,Teregistrasi,Ada,https://brwa.or.id/wa/view/WlJFTUJIUS1WMUE
706,a2tkTWhiOVBUR1U,28 Ags 2015,Talang Perigi,Riau,INDRAGIRI HULU,Rakit Kulim,Ada,Teregistrasi,Ada,https://brwa.or.id/wa/view/a2tkTWhiOVBUR1U
707,V0xHMDZISy1ib28,19 Ags 2015,Luak Talang Pring Jaya,Riau,INDRAGIRI HULU,Rakit Kulim,Ada,Teregistrasi,Ada,https://brwa.or.id/wa/view/V0xHMDZISy1ib28
708,cG1CZUdBZmxkZ3c,22 Apr 2012,Lohak Ampang Delapan,Riau,INDRAGIRI HULU,Rakit Kulim,Ada,Teregistrasi,Ada,https://brwa.or.id/wa/view/cG1CZUdBZmxkZ3c
709,OEZKc0lwVXYwM0U,19 Ags 2015,Lohak Talang Tujuh Buah Tangga,Riau,INDRAGIRI HULU,Rakit Kulim,Ada,Teregistrasi,Ada,https://brwa.or.id/wa/view/OEZKc0lwVXYwM0U
710,Y1FYTTRQUGc2QjQ,19 Ags 2015,Cinaku Kecil,Riau,INDRAGIRI HULU,Batang Cimaku,Ada,Teregistrasi,Ada,https://brwa.or.id/wa/view/Y1FYTTRQUGc2QjQ
711,em1WWnBrT0gyZFk,19 Ags 2015,Lohak Kebatinan Pembubung,Riau,INDRAGIRI HULU,Batang cenaku,Ada,Teregistrasi,Ada,https://brwa.or.id/wa/view/em1WWnBrT0gyZFk
712,LVVIM1dKRnhtLVk,28 Ags 2015,Lohak Rio Sanglap,Riau,INDRAGIRI HULU,Batang Tenaku,Ada,Teregistrasi,Ada,https://brwa.or.id/wa/view/LVVIM1dKRnhtLVk
713,STZyM21OWWp6V3M,19 Ags 2015,Kenegrian kuntu toeroba,Riau,KAMPAR,Kampar Kiri,Ada,Teregistrasi,Ada,https://brwa.or.id/wa/view/STZyM21OWWp6V3M
714,Z1U3NERhbEJZWjg,14 Ags 2015,Steling,Nusa Tenggara Barat,LOMBOK TENGAH,Batukliang Utara,Ada,Teregistrasi,Ada,https://brwa.or.id/wa/view/Z1U3NERhbEJZWjg
715,cFlQTHJfY1NJclU,14 Ags 2015,Lantan,Nusa Tenggara Barat,LOMBOK TENGAH,Batukliang Utara,Ada,Teregistrasi,Ada,https://brwa.or.id/wa/view/cFlQTHJfY1NJclU
716,RVB4ejJIUjFGaVk,14 Ags 2015,Karang Sidemen,Nusa Tenggara Barat,LOMBOK TENGAH,Batukliang Utara,Ada,Teregistrasi,Ada,https://brwa.or.id/wa/view/RVB4ejJIUjFGaVk
717,Qll1R2lUaEpKS1k,14 Nop 2012,Natar Runut,Nusa Tenggara Timur,SIKKA,Waegete,Ada,Teregistrasi,Tidak Ada,https://brwa.or.id/wa/view/Qll1R2lUaEpKS1k
718,UWR4b3ZrOHZ5aDQ,14 Nop 2012,Natar Ili Wuli_Darat Gunung,Nusa Tenggara Timur,SIKKA,Talibura,Ada,Teregistrasi,Tidak Ada,https://brwa.or.id/wa/view/UWR4b3ZrOHZ5aDQ
719,ZEoza2ItOTFoaWs,14 Nop 2012,Hikong,Nusa Tenggara Timur,SIKKA,Talibura,Ada,Teregistrasi,Tidak Ada,https://brwa.or.id/wa/view/ZEoza2ItOTFoaWs
720,TVlSMUVVb3lrZUE,14 Nop 2012,Lewomada,Nusa Tenggara Timur,SIKKA,Talibura,Ada,Teregistrasi,Tidak Ada,https://brwa.or.id/wa/view/TVlSMUVVb3lrZUE
721,S0kzLTI0aUc0aVE,14 Nop 2012,Ojang,Nusa Tenggara Timur,SIKKA,Talibura,Ada,Teregistrasi,Tidak Ada,https://brwa.or.id/wa/view/S0kzLTI0aUc0aVE
722,MTNzR2xyUWRNUk0,14 Nop 2012,Timu Tawa,Nusa Tenggara Timur,SIKKA,Talibura,Ada,Teregistrasi,Tidak Ada,https://brwa.or.id/wa/view/MTNzR2xyUWRNUk0
723,M0dZNXJLanZiQXM,14 Nop 2012,Golo Worok,Nusa Tenggara Timur,MANGGARAI BARAT,Kuwus,Ada,Teregistrasi,Tidak Ada,https://brwa.or.id/wa/view/M0dZNXJLanZiQXM
724,RnV1T0JjZ19zVzg,14 Nop 2012,Bangkalelak,Nusa Tenggara Timur,MANGGARAI TIMUR,Ruteng,Ada,Teregistrasi,Ada,https://brwa.or.id/wa/view/RnV1T0JjZ19zVzg
725,OTVTNWVXbC1yY2M,14 Nop 2012,Gelong,Nusa Tenggara Timur,MANGGARAI TIMUR,"Kuwus, Ruteng",Ada,Teregistrasi,Ada,https://brwa.or.id/wa/view/OTVTNWVXbC1yY2M
726,d2lmOW9zdzgxbkU,14 Nop 2012,Meler,Nusa Tenggara Timur,MANGGARAI TIMUR,Ruteng,Ada,Teregistrasi,Ada,https://brwa.or.id/wa/view/d2lmOW9zdzgxbkU
727,RHlLOHlfNkFRUXc,14 Nop 2012,Gelarang Nancur,Nusa Tenggara Timur,MANGGARAI TIMUR,Elar Selatan,Ada,Terverifikasi,Ada,https://brwa.or.id/wa/view/RHlLOHlfNkFRUXc
728,Z2V5T05WZndDRzA,22 Apr 2012,Gelarang Linus,Nusa Tenggara Timur,MANGGARAI TIMUR,Elar Selatan,Ada,Terverifikasi,Ada,https://brwa.or.id/wa/view/Z2V5T05WZndDRzA
729,cWZ2V0VvTkpkYlE,22 Apr 2011,Gelarang  Ladar,Nusa Tenggara Timur,MANGGARAI TIMUR,Elar,Ada,Terverifikasi,Ada,https://brwa.or.id/wa/view/cWZ2V0VvTkpkYlE
730,d0FOdFFkUkR5UDA,14 Nop 2012,Golo Wuas,Nusa Tenggara Timur,MANGGARAI,Elar,Ada,Teregistrasi,Ada,https://brwa.or.id/wa/view/d0FOdFFkUkR5UDA
731,aDdQcXI0dlpyRVE,14 Nop 2012,Lempang Paji,Nusa Tenggara Timur,MANGGARAI,Elar,Ada,Teregistrasi,Ada,https://brwa.or.id/wa/view/aDdQcXI0dlpyRVE
732,MVhkWXhscjh0bGc,14 Nop 2012,Ilin Medo,Nusa Tenggara Timur,SIKKA,Talibura,Ada,Teregistrasi,Tidak Ada,https://brwa.or.id/wa/view/MVhkWXhscjh0bGc
733,d09UZTRiaTBScDg,14 Nop 2012,Natar Mage,Nusa Tenggara Timur,SIKKA,Waiblama,Ada,Teregistrasi,Tidak Ada,https://brwa.or.id/wa/view/d09UZTRiaTBScDg
734,S0xCRkxQSVZDSms,14 Nop 2012,Pruda,Nusa Tenggara Timur,SIKKA,Talibura,Ada,Teregistrasi,Tidak Ada,https://brwa.or.id/wa/view/S0xCRkxQSVZDSms
735,bnpXaE5wU3Q3bzA,14 Nop 2012,Tanarawa,Nusa Tenggara Timur,SIKKA,Talibura,Ada,Teregistrasi,Tidak Ada,https://brwa.or.id/wa/view/bnpXaE5wU3Q3bzA
736,SXJHNUhBVFZYZlk,14 Nop 2012,Lipu Mpoa,Sulawesi Tengah,TOJO UNA-UNA,Ampanan Tete,Ada,Teregistrasi,Ada,https://brwa.or.id/wa/view/SXJHNUhBVFZYZlk
737,SXM2SVhlZXVjOVU,08 Nop 2012,Lipu Vananga Bulang,Sulawesi Tengah,TOJO UNA-UNA,Ulubongka,Ada,Teregistrasi,Ada,https://brwa.or.id/wa/view/SXM2SVhlZXVjOVU
738,OHNCWkFzNjh2cFk,02 Sep 2014,Negeri Paperu,Maluku,MALUKU TENGAH,Saparua,Ada,Teregistrasi,Ada,https://brwa.or.id/wa/view/OHNCWkFzNjh2cFk
739,amJtZW9tSUxYV0k,14 Nop 2012,Wana Kayupoli,Sulawesi Tengah,MOROWALI,-,Ada,Teregistrasi,Ada,https://brwa.or.id/wa/view/amJtZW9tSUxYV0k
740,V05Xemg5dGwtWFU,14 Nop 2012,Werang,Nusa Tenggara Timur,SIKKA,Talibura,Ada,Teregistrasi,Tidak Ada,https://brwa.or.id/wa/view/V05Xemg5dGwtWFU
741,UTIzbHVaNTRYenc,25 Apr 2012,Pagu Isam,Maluku Utara,HALMAHERA UTARA,Malifut dan Kao Teluk,Ada,Teregistrasi,Ada,https://brwa.or.id/wa/view/UTIzbHVaNTRYenc
742,SXlpTXU4cVluUmM,13 Ags 2015,Kalam,Kalimantan Barat,KETAPANG,Ketungau,Ada,Teregistrasi,Ada,https://brwa.or.id/wa/view/SXlpTXU4cVluUmM
743,amJXMUQ5LTZ4NXc,12 Nop 2012,Kamang,Nusa Tenggara Timur,ALOR,-,Ada,Teregistrasi,Tidak Ada,https://brwa.or.id/wa/view/amJXMUQ5LTZ4NXc
744,MHFKYkcwbEdQTms,13 Ags 2015,Kayu Bunga,Kalimantan Barat,KETAPANG,-,Ada,Teregistrasi,Ada,https://brwa.or.id/wa/view/MHFKYkcwbEdQTms
745,VFpGNDBFdzNjMkU,15 Jul 2013,Bungayo,Sulawesi Tengah,TOJO UNA-UNA,-,Ada,Teregistrasi,Ada,https://brwa.or.id/wa/view/VFpGNDBFdzNjMkU
746,ckIzVDhJOWVhN28,13 Ags 2015,Punan Setarap,Kalimantan Utara,MALINAU,Mentarang,Ada,Teregistrasi,Ada,https://brwa.or.id/wa/view/ckIzVDhJOWVhN28
747,c0NJbGRSVGJDSXM,15 Jul 2013,O Hongana Manyawa O Dodaga,Maluku Utara,HALMAHERA TIMUR,Wasilei Timur,Ada,Teregistrasi,Tidak Ada,https://brwa.or.id/wa/view/c0NJbGRSVGJDSXM
748,QVFUTU01R2hmRTA,13 Ags 2015,Pnu Fritu,Maluku Utara,HALMAHERA TENGAH,Weda Utara,Ada,Terverifikasi,Tidak Ada,https://brwa.or.id/wa/view/QVFUTU01R2hmRTA
749,blVicERFSFhGeE0,15 Okt 2012,Bulili,Sulawesi Tengah,POSO,Lore Selatan,Ada,Terverifikasi,Tidak Ada,https://brwa.or.id/wa/view/blVicERFSFhGeE0
750,bEZmN2hqTmpCQUE,14 Nop 2012,Nua Mukureku,Nusa Tenggara Timur,ENDE,Lepembusu Keli Soke,Ada,Terverifikasi,Ada,https://brwa.or.id/wa/view/bEZmN2hqTmpCQUE
751,cVVISlpJY0tJd1U,15 Jul 2013,Marga Bathin VIII,Jambi,SAROLANGUN,-,Ada,Teregistrasi,Ada,https://brwa.or.id/wa/view/cVVISlpJY0tJd1U
752,RXhvdkRmbHota0U,15 Jul 2013,Ngaju Penda Ketapi,Kalimantan Tengah,KAPUAS,-,Ada,Teregistrasi,Ada,https://brwa.or.id/wa/view/RXhvdkRmbHota0U
753,akhUZGxtd3JkamM,15 Jul 2013,Ngaju Pantai,Kalimantan Tengah,KAPUAS,-,Ada,Teregistrasi,Ada,https://brwa.or.id/wa/view/akhUZGxtd3JkamM
754,SXFWd283ZmFNQ1U,13 Ags 2015,To Bada Pada,Sulawesi Tengah,POSO,Lore Selatan,Ada,Terverifikasi,Tidak Ada,https://brwa.or.id/wa/view/SXFWd283ZmFNQ1U
755,M042dXR1TTV2UFU,13 Ags 2015,Rompo,Sulawesi Tengah,POSO,-,Ada,Teregistrasi,Tidak Ada,https://brwa.or.id/wa/view/M042dXR1TTV2UFU
756,VWU4cWlBOG9BOWs,13 Ags 2015,Toipan,Sulawesi Tengah,BANGGAI,Pagimana,Ada,Terverifikasi,Tidak Ada,https://brwa.or.id/wa/view/VWU4cWlBOG9BOWs
757,d0VoQXVLajIyaGs,08 Ags 2015,Matobiai,Sulawesi Tengah,TOJO UNA-UNA,-,Ada,Teregistrasi,Ada,https://brwa.or.id/wa/view/d0VoQXVLajIyaGs
758,aWRTbUVYLVJiOG8,13 Ags 2015,Lipu Tampemadoro,Sulawesi Tengah,POSO,Lage,Ada,Terverifikasi,Tidak Ada,https://brwa.or.id/wa/view/aWRTbUVYLVJiOG8
759,bFhjdEc0M1hRQ0k,13 Ags 2015,Kampung (Gintu),Sulawesi Tengah,POSO,Lore Selatan,Ada,Terverifikasi,Tidak Ada,https://brwa.or.id/wa/view/bFhjdEc0M1hRQ0k
760,bmZvWm5idFBFZEk,08 Ags 2015,Uri Kendekan,Sulawesi Selatan,LUWU UTARA,-,Ada,Terverifikasi,Ada,https://brwa.or.id/wa/view/bmZvWm5idFBFZEk
761,N2NGOXkyU21MaGs,25 Ags 2015,Siteba,Sulawesi Selatan,LUWU,Walenrang Utara,Ada,Teregistrasi,Ada,https://brwa.or.id/wa/view/N2NGOXkyU21MaGs
762,aWZDWW1EeF9vSjA,25 Ags 2015,Makawa,Sulawesi Selatan,LUWU,Walenrang Utara,Ada,Terverifikasi,Ada,https://brwa.or.id/wa/view/aWZDWW1EeF9vSjA
763,T1dIWi16R0xDZlE,25 Ags 2015,Kampung Banua lemo,Sulawesi Selatan,LUWU,Bajo Barat,Ada,Terverifikasi,Ada,https://brwa.or.id/wa/view/T1dIWi16R0xDZlE
764,cW1KUWY5YWl6b2M,14 Nop 2012,Kasepuhan Citorek,Banten,LEBAK,Muncang,Ada,Teregistrasi,Ada,https://brwa.or.id/wa/view/cW1KUWY5YWl6b2M
765,WDg2V3U2LUJaSkU,13 Ags 2015,Kampung Barambang Katute,Sulawesi Selatan,SINJAI,Sinjai Borong,Ada,Teregistrasi,Ada,https://brwa.or.id/wa/view/WDg2V3U2LUJaSkU
766,U1hGdVlRQ3V2bkU,14 Nop 2012,Kuta,Jawa Barat,CIAMIS,Tambaksari,Ada,Teregistrasi,Ada,https://brwa.or.id/wa/view/U1hGdVlRQ3V2bkU
767,U01mbUNDczRqeWs,27 Ags 2015,Dusun Serawai Semidang Sakti,Bengkulu,SELUMA,Ilir Talo,Ada,Teregistrasi,Ada,https://brwa.or.id/wa/view/U01mbUNDczRqeWs
768,aTh1N0dSeGttazg,14 Nop 2012,Sinar Resmi,Jawa Barat,KOTA SUKABUMI,"Cisolok, Cibeber, Cikaka Pelabuhan Ratu, Cikidang, Kabandungan",Ada,Teregistrasi,Tidak Ada,https://brwa.or.id/wa/view/aTh1N0dSeGttazg
769,THI5NjlCVU9jYzg,08 Ags 2015,Kampung Kuwala Begumit,Sumatera Utara,LANGKAT,Setabat dan Binjai,Ada,Teregistrasi,Ada,https://brwa.or.id/wa/view/THI5NjlCVU9jYzg
770,ZXpaZXNCSnJNZnc,03 Jun 2012,Dusun Resak Balai,Kalimantan Barat,SEKADAU,Belitang Hilir,Ada,Teregistrasi,Ada,https://brwa.or.id/wa/view/ZXpaZXNCSnJNZnc
771,c19WbDhJMkZVb00,15 Jul 2013,Talang Mamak Simarantihan,Jambi,TEBO,Masumay,Ada,Teregistrasi,Ada,https://brwa.or.id/wa/view/c19WbDhJMkZVb00
772,NlgxTVdfNWdXZ1k,08 Ags 2015,Sababalat Polak Muntogat saureinu,Sumatera Barat,KEPULAUAN MENTAWAI,Sipora Selatan,Ada,Teregistrasi,Ada,https://brwa.or.id/wa/view/NlgxTVdfNWdXZ1k
773,TDd2NFhqOFVhQ1k,08 Ags 2015,Laggai Goiso Oinan,Sumatera Barat,KEPULAUAN MENTAWAI,Sipora Utara,Ada,Teregistrasi,Ada,https://brwa.or.id/wa/view/TDd2NFhqOFVhQ1k
774,M1M2LTNNbGNIclU,08 Ags 2015,Laggai Rokot,Sumatera Barat,KEPULAUAN MENTAWAI,Sipora Selatan,Ada,Teregistrasi,Ada,https://brwa.or.id/wa/view/M1M2LTNNbGNIclU
775,TTdMSkxZWkd0Z0E,08 Ags 2015,Marga Ujan Mas,Sumatera Selatan,MUARA ENIM,-,Ada,Teregistrasi,Ada,https://brwa.or.id/wa/view/TTdMSkxZWkd0Z0E
776,Vk4xc1VfeUFXRTA,12 Apr 2012,Kampung Puluh Sibaji Pantai Labu,Sumatera Utara,DELI SERDANG,Pantai Labu,Ada,Teregistrasi,Tidak Ada,https://brwa.or.id/wa/view/Vk4xc1VfeUFXRTA
777,QlZlVHNmX0o2bms,08 Ags 2015,Kampong Pantai Labu Pekan,Sumatera Utara,DELI SERDANG,Pantai Labu,Ada,Teregistrasi,Tidak Ada,https://brwa.or.id/wa/view/QlZlVHNmX0o2bms
778,MHBPeTdFT1ZReTQ,08 Ags 2015,Kampong Denai Kwala,Sumatera Utara,SERDANG BEDAGAI,-,Ada,Teregistrasi,Tidak Ada,https://brwa.or.id/wa/view/MHBPeTdFT1ZReTQ
779,aHpMQ0xhSVRLWE0,08 Ags 2015,Kampong Beringin,Sumatera Utara,DELI SERDANG,-,Ada,Teregistrasi,Tidak Ada,https://brwa.or.id/wa/view/aHpMQ0xhSVRLWE0
780,SkZwZy1DVm9MYmc,08 Ags 2015,Kampong Bandar Klippa,Sumatera Utara,DELI SERDANG,-,Ada,Teregistrasi,Tidak Ada,https://brwa.or.id/wa/view/SkZwZy1DVm9MYmc
781,c0RwZ2dSOW8zbnM,15 Jan 2013,Kampong Bandar Setia,Sumatera Utara,DELI SERDANG,Percut Sei Tuan,Ada,Teregistrasi,Tidak Ada,https://brwa.or.id/wa/view/c0RwZ2dSOW8zbnM
782,Si1SS0hKbHNNLW8,08 Ags 2015,Kampung Bandar Khalifah,Sumatera Utara,DELI SERDANG,-,Ada,Teregistrasi,Tidak Ada,https://brwa.or.id/wa/view/Si1SS0hKbHNNLW8
783,Ymg5cEo1akc0cE0,08 Ags 2015,Kampong Kramat Tualang Pusu,Sumatera Utara,DELI SERDANG,Percut Sei Tuan,Ada,Teregistrasi,Tidak Ada,https://brwa.or.id/wa/view/Ymg5cEo1akc0cE0
784,SXBzb1hYYVRoMHc,08 Ags 2015,Kampong Penara,Sumatera Utara,DELI SERDANG,-,Ada,Teregistrasi,Tidak Ada,https://brwa.or.id/wa/view/SXBzb1hYYVRoMHc
785,NG5JYnJWcmlMZ3c,22 Apr 2012,Kampong Dalu 10,Sumatera Utara,DELI SERDANG,Tanjung Morowa,Ada,Teregistrasi,Tidak Ada,https://brwa.or.id/wa/view/NG5JYnJWcmlMZ3c
786,Mk5ZMkhnM1VYM0k,08 Ags 2015,Kampong Pagar Merbau,Sumatera Utara,DELI SERDANG,-,Ada,Teregistrasi,Tidak Ada,https://brwa.or.id/wa/view/Mk5ZMkhnM1VYM0k
787,SVBpemlqMGptOTg,08 Ags 2015,Kampong Lubuk Pakam,Sumatera Utara,DELI SERDANG,-,Ada,Teregistrasi,Tidak Ada,https://brwa.or.id/wa/view/SVBpemlqMGptOTg
788,djRrVzVZRDY0UFU,08 Ags 2015,Kampong Bangun Rejo,Sumatera Utara,DELI SERDANG,-,Ada,Teregistrasi,Tidak Ada,https://brwa.or.id/wa/view/djRrVzVZRDY0UFU
789,emRzcGtLeHltSlU,22 Apr 2012,Kampung Tadukan Raga,Sumatera Utara,DELI SERDANG,STM Hilir,Ada,Teregistrasi,Tidak Ada,https://brwa.or.id/wa/view/emRzcGtLeHltSlU
790,STI4bkQ0emRmV0k,08 Ags 2015,Kampong Patumbak,Sumatera Utara,KOTA MEDAN,-,Ada,Teregistrasi,Tidak Ada,https://brwa.or.id/wa/view/STI4bkQ0emRmV0k
791,QktmNUFQNVlFUEk,08 Ags 2015,Kampong Tembong,Sumatera Utara,KOTA MEDAN,-,Ada,Teregistrasi,Tidak Ada,https://brwa.or.id/wa/view/QktmNUFQNVlFUEk
792,b3g2RzZZcXJ5eUE,08 Ags 2015,Kampong Denai,Sumatera Utara,KOTA MEDAN,-,Ada,Teregistrasi,Tidak Ada,https://brwa.or.id/wa/view/b3g2RzZZcXJ5eUE
793,eHpIdkxoOEtnX3M,08 Ags 2015,Kampong Medan Area,Sumatera Utara,KOTA MEDAN,-,Ada,Teregistrasi,Tidak Ada,https://brwa.or.id/wa/view/eHpIdkxoOEtnX3M
794,VUJTZnYwQVRIM1E,08 Ags 2015,Kampong Marendal,Sumatera Utara,KOTA MEDAN,-,Ada,Teregistrasi,Tidak Ada,https://brwa.or.id/wa/view/VUJTZnYwQVRIM1E
795,ZG9MUDdWNHVncDg,08 Ags 2015,Kampong Baru,Sumatera Utara,KOTA MEDAN,-,Ada,Teregistrasi,Tidak Ada,https://brwa.or.id/wa/view/ZG9MUDdWNHVncDg
796,XzZ5UVMzSnhFWWc,08 Ags 2015,Kampong Tanah Enam Ratus,Sumatera Utara,KOTA MEDAN,-,Ada,Teregistrasi,Tidak Ada,https://brwa.or.id/wa/view/XzZ5UVMzSnhFWWc
797,T05lXzhHR1VTZ1k,08 Ags 2015,Kampong Rengas Pulau,Sumatera Utara,KOTA MEDAN,-,Ada,Teregistrasi,Tidak Ada,https://brwa.or.id/wa/view/T05lXzhHR1VTZ1k
798,a1l6Mll3MGpZOEk,08 Ags 2015,Kampong Laut Dendang,Sumatera Utara,KOTA MEDAN,-,Ada,Teregistrasi,Tidak Ada,https://brwa.or.id/wa/view/a1l6Mll3MGpZOEk
799,enhVclBnaGg2dkE,22 Apr 2012,Kampong Mabar,Sumatera Utara,KOTA MEDAN,Medan Deli,Ada,Teregistrasi,Tidak Ada,https://brwa.or.id/wa/view/enhVclBnaGg2dkE
800,NUZ1QmlFc2hVN0E,07 Ags 2015,Kampong Tambak Bayan,Sumatera Utara,DELI SERDANG,Percut Seituan,Ada,Teregistrasi,Tidak Ada,https://brwa.or.id/wa/view/NUZ1QmlFc2hVN0E
801,eW5qYzFoOU01OTA,08 Ags 2015,Kampong Sampali,Sumatera Utara,DELI SERDANG,-,Ada,Teregistrasi,Tidak Ada,https://brwa.or.id/wa/view/eW5qYzFoOU01OTA
802,N2pCcE5WdWVKckk,22 Apr 2012,Kampung Klambir,Sumatera Utara,DELI SERDANG,Hamparan Perak,Ada,Teregistrasi,Tidak Ada,https://brwa.or.id/wa/view/N2pCcE5WdWVKckk
803,V0wzRTY1WDBpUjg,08 Ags 2015,Kampong Klumpang,Sumatera Utara,DELI SERDANG,-,Ada,Teregistrasi,Tidak Ada,https://brwa.or.id/wa/view/V0wzRTY1WDBpUjg
804,MTd2a1RpeFF4WFU,08 Ags 2015,Kampong Deli Tua,Sumatera Utara,DELI SERDANG,-,Ada,Teregistrasi,Tidak Ada,https://brwa.or.id/wa/view/MTd2a1RpeFF4WFU
805,S0g0YkE4UGU1Vnc,08 Ags 2015,Kampong Kutalimbaru,Sumatera Utara,DELI SERDANG,-,Ada,Teregistrasi,Tidak Ada,https://brwa.or.id/wa/view/S0g0YkE4UGU1Vnc
806,d1NXMWlwczJpZTg,07 Ags 2015,Kampong Klambir V,Sumatera Utara,DELI SERDANG,Hamparan Perak,Ada,Teregistrasi,Tidak Ada,https://brwa.or.id/wa/view/d1NXMWlwczJpZTg
807,TlZyYWxOOVduYU0,08 Ags 2015,Kampong Sialang Muda Rusif,Sumatera Utara,DELI SERDANG,-,Ada,Teregistrasi,Tidak Ada,https://brwa.or.id/wa/view/TlZyYWxOOVduYU0
808,NjloVkVabElsMVE,08 Ags 2015,Kampong Buluh Cina,Sumatera Utara,DELI SERDANG,-,Ada,Teregistrasi,Tidak Ada,https://brwa.or.id/wa/view/NjloVkVabElsMVE
809,dzRvOFBDMFJTWDA,08 Ags 2015,Kampong Lama,Sumatera Utara,DELI SERDANG,-,Ada,Teregistrasi,Tidak Ada,https://brwa.or.id/wa/view/dzRvOFBDMFJTWDA
810,NnR3TkQzZkVsRjA,08 Ags 2015,Kampong Binjai,Sumatera Utara,LANGKAT,-,Ada,Teregistrasi,Ada,https://brwa.or.id/wa/view/NnR3TkQzZkVsRjA
811,c0pJOG1keDdVUjA,08 Ags 2015,Kampong Selesai,Sumatera Utara,LANGKAT,-,Ada,Teregistrasi,Ada,https://brwa.or.id/wa/view/c0pJOG1keDdVUjA
812,WlV1SndCMDI1Mzg,08 Ags 2015,Kampong Sei Limbat,Sumatera Utara,LANGKAT,-,Ada,Teregistrasi,Ada,https://brwa.or.id/wa/view/WlV1SndCMDI1Mzg
813,M1BVVHp3Ui15ZGs,08 Ags 2015,Kampong Batu Gajah,Sumatera Utara,LANGKAT,-,Ada,Teregistrasi,Ada,https://brwa.or.id/wa/view/M1BVVHp3Ui15ZGs
814,RlRjTnpNWVkyN1E,08 Ags 2015,Kampong Cengkeh Turi,Sumatera Utara,LANGKAT,-,Ada,Teregistrasi,Ada,https://brwa.or.id/wa/view/RlRjTnpNWVkyN1E
815,NFRyblU0aVI2SEE,22 Apr 2012,Kampong Pertumbukan,Sumatera Utara,LANGKAT,-,Ada,Teregistrasi,Ada,https://brwa.or.id/wa/view/NFRyblU0aVI2SEE
816,Y1hLTlZVTXBkdU0,22 Apr 2012,Kampong Pantai Gemi,Sumatera Utara,LANGKAT,Setabat,Ada,Teregistrasi,Ada,https://brwa.or.id/wa/view/Y1hLTlZVTXBkdU0
817,RVcxZERiVHBfSUE,14 Nop 2012,Kampong Durian Selemak,Sumatera Utara,LANGKAT,Wampu,Ada,Teregistrasi,Ada,https://brwa.or.id/wa/view/RVcxZERiVHBfSUE
818,V21nY1ZzWVVLVU0,08 Ags 2015,Kampong Bingai,Sumatera Utara,LANGKAT,-,Ada,Teregistrasi,Ada,https://brwa.or.id/wa/view/V21nY1ZzWVVLVU0
819,eHZpN2xkdy1CMGs,08 Ags 2015,Kampong Gohor,Sumatera Utara,LANGKAT,-,Ada,Teregistrasi,Ada,https://brwa.or.id/wa/view/eHZpN2xkdy1CMGs
820,SkZ0Qnk3M2ZSMVU,08 Ags 2015,Kampong Ara Condong,Sumatera Utara,LANGKAT,-,Ada,Teregistrasi,Ada,https://brwa.or.id/wa/view/SkZ0Qnk3M2ZSMVU
821,RVZHVllCWTZBUkk,08 Ags 2015,Kampong Stabat,Sumatera Utara,LANGKAT,-,Ada,Teregistrasi,Ada,https://brwa.or.id/wa/view/RVZHVllCWTZBUkk
822,aWMzYmZSMXF4SFU,08 Ags 2015,Kampong Nangka,Sumatera Utara,LANGKAT,-,Ada,Teregistrasi,Ada,https://brwa.or.id/wa/view/aWMzYmZSMXF4SFU
823,U1RFdkY5WjhKdGM,08 Ags 2015,Kampong Paya Kangkong,Sumatera Utara,LANGKAT,-,Ada,Teregistrasi,Ada,https://brwa.or.id/wa/view/U1RFdkY5WjhKdGM
824,Zml4ODBDN1BIekE,08 Ags 2015,Kampong Hinai,Sumatera Utara,LANGKAT,-,Ada,Teregistrasi,Ada,https://brwa.or.id/wa/view/Zml4ODBDN1BIekE
825,TS0yMzUwUFpqaGs,08 Ags 2015,Kampong Telok,Sumatera Utara,LANGKAT,-,Ada,Teregistrasi,Ada,https://brwa.or.id/wa/view/TS0yMzUwUFpqaGs
826,OU1ZQ0xpb1E4dTA,08 Ags 2015,Kampong Cinta Raja,Sumatera Utara,LANGKAT,-,Ada,Teregistrasi,Ada,https://brwa.or.id/wa/view/OU1ZQ0xpb1E4dTA
827,V1hjWm1Ucm5LSlk,08 Ags 2015,Kampong Kwala Besar,Sumatera Utara,LANGKAT,-,Ada,Teregistrasi,Ada,https://brwa.or.id/wa/view/V1hjWm1Ucm5LSlk
828,QmJLWm9jX3JWVGM,08 Ags 2015,Kampong Karang Gading,Sumatera Utara,LANGKAT,-,Ada,Teregistrasi,Ada,https://brwa.or.id/wa/view/QmJLWm9jX3JWVGM
829,TXN0TE5nT0R3WGM,08 Ags 2015,Kampong Jaring Halus,Sumatera Utara,LANGKAT,-,Ada,Teregistrasi,Ada,https://brwa.or.id/wa/view/TXN0TE5nT0R3WGM
830,R0ZMaUV2Q2RvVFk,12 Ags 2015,Wet Sokong,Nusa Tenggara Barat,LOMBOK UTARA,Tanjung,Ada,Terverifikasi,Ada,https://brwa.or.id/wa/view/R0ZMaUV2Q2RvVFk
831,anpoRjNZdThuaGs,12 Ags 2015,Wet Pengorong Amor-amor,Nusa Tenggara Barat,LOMBOK UTARA,Kayangan,Ada,Terverifikasi,Ada,https://brwa.or.id/wa/view/anpoRjNZdThuaGs
832,MTVfUmxjY0RVaHc,23 Nop 2013,Gubuk Bebekeq,Nusa Tenggara Barat,LOMBOK UTARA,Gangga,Ada,Terverifikasi,Ada,https://brwa.or.id/wa/view/MTVfUmxjY0RVaHc
833,a1praV9CeDZiVDg,12 Ags 2015,Krama Adat Sembalun Bumbung,Nusa Tenggara Barat,LOMBOK TIMUR,Sembalun,Ada,Teregistrasi,Ada,https://brwa.or.id/wa/view/a1praV9CeDZiVDg
834,eS1FVWs2eDlUdGs,12 Ags 2015,Kemangkuan Adat Tanak Sembalun,Nusa Tenggara Barat,LOMBOK TIMUR,Sembalun,Ada,Teregistrasi,Ada,https://brwa.or.id/wa/view/eS1FVWs2eDlUdGs
835,ck9Bb0V0UVRvbGc,09 Mei 2013,Usal Ponto AI Padeng,Nusa Tenggara Barat,SUMBAWA,"Lopok, Lape, Marongge",Ada,Teregistrasi,Ada,https://brwa.or.id/wa/view/ck9Bb0V0UVRvbGc
836,cUMwUGZKYl9Kd3M,15 Jul 2013,Negeri Tananahu,Maluku,MALUKU TENGAH,Teluk Elpaputih,Ada,Teregistrasi,Ada,https://brwa.or.id/wa/view/cUMwUGZKYl9Kd3M
837,ZDBmanNVbVc2dzA,25 Apr 2012,Haruku (Haru-Ukui Pelasona Nanuroko),Maluku,MALUKU TENGAH,Pulau Haruku,Ada,Terverifikasi,Ada,https://brwa.or.id/wa/view/ZDBmanNVbVc2dzA
838,M3ZyNmZNbGVrd0k,14 Nop 2012,Onggari,Papua,MERAUKE,"Distrik Malid, Kurik",Ada,Teregistrasi,Ada,https://brwa.or.id/wa/view/M3ZyNmZNbGVrd0k
839,UTFlUnRLS096dTA,14 Nop 2012,Kaiburse,Papua,MERAUKE,"Distrik Malind, Kurik",Ada,Teregistrasi,Ada,https://brwa.or.id/wa/view/UTFlUnRLS096dTA
840,UVpINnZLZHlldEE,14 Nop 2012,Lembah Beringin Dayak Mentuka,Kalimantan Barat,SEKADAU,Nanga Mahap,Ada,Teregistrasi,Ada,https://brwa.or.id/wa/view/UVpINnZLZHlldEE
841,bzY4MjM2bzJnckE,14 Nop 2012,Esania,Papua Barat,KAIMANA,Buruway,Ada,Teregistrasi,Ada,https://brwa.or.id/wa/view/bzY4MjM2bzJnckE
842,LXlKVmtiUm5WNk0,14 Nop 2012,Tamang Dayak Koman,Kalimantan Barat,SEKADAU,NANGA MAHAP,Ada,Teregistrasi,Ada,https://brwa.or.id/wa/view/LXlKVmtiUm5WNk0
843,UXd1c1hUbUhNWGM,14 Jul 2013,Kampung Jerajau,Kalimantan Barat,SEKADAU,Sekadau Hilir,Ada,Teregistrasi,Ada,https://brwa.or.id/wa/view/UXd1c1hUbUhNWGM
844,Y2JaRFhwRU00QkE,16 Mei 2012,Dusun Ampar Dayak Mualang,Kalimantan Barat,SEKADAU,Sekadau Hilir,Ada,Teregistrasi,Ada,https://brwa.or.id/wa/view/Y2JaRFhwRU00QkE
845,cWFnbTRMNUlHQUE,16 Mei 2012,Engkersik Batu Lebur,Kalimantan Barat,SEKADAU,Sekadau Hilir,Ada,Teregistrasi,Ada,https://brwa.or.id/wa/view/cWFnbTRMNUlHQUE
846,ZTRMV2JlSHVSN0U,07 Jul 2012,Kampung Merah Arai,Kalimantan Barat,SINTANG,Kayan Hulu,Ada,Teregistrasi,Ada,https://brwa.or.id/wa/view/ZTRMV2JlSHVSN0U
847,ZjdJeVd6aDZTWkE,07 Jul 2012,Kampung Pelembak/Pintas,Kalimantan Barat,SINTANG,Kayan Hulu,Ada,Teregistrasi,Ada,https://brwa.or.id/wa/view/ZjdJeVd6aDZTWkE
848,V3E3aTJiaFhRNVU,07 Jul 2012,Kampung Pandau,Kalimantan Barat,SINTANG,Kayan Hulu,Ada,Teregistrasi,Ada,https://brwa.or.id/wa/view/V3E3aTJiaFhRNVU
849,VGowQUtTdzVfMmM,07 Jul 2012,Kampung Melaban Pedini,Kalimantan Barat,SINTANG,Kayan Hulu,Ada,Teregistrasi,Ada,https://brwa.or.id/wa/view/VGowQUtTdzVfMmM
850,R0tYOE1xNWR2SkE,09 Jul 2012,Kampung Manaluk,Kalimantan Barat,SINTANG,Kayan Hulu,Ada,Teregistrasi,Ada,https://brwa.or.id/wa/view/R0tYOE1xNWR2SkE
851,WXYydURJekM0WkU,08 Jul 2012,Kampung Gemare/Pengonsah,Kalimantan Barat,SINTANG,Kayan Hulu,Ada,Teregistrasi,Ada,https://brwa.or.id/wa/view/WXYydURJekM0WkU
852,SzFJRHlucHNtLWM,07 Jul 2012,Kampung Ng.Masau,Kalimantan Barat,SINTANG,Kayan Hulu,Ada,Teregistrasi,Ada,https://brwa.or.id/wa/view/SzFJRHlucHNtLWM
853,bXU3WllTRmtiYVE,24 Jun 2012,Kampung Nyelawai,Kalimantan Barat,SINTANG,Ketungau Hulu,Ada,Teregistrasi,Ada,https://brwa.or.id/wa/view/bXU3WllTRmtiYVE
854,MXpFdzdRSXk3Z0E,30 Mei 2012,Kampung Mering,Kalimantan Barat,SINTANG,Ambalau,Ada,Teregistrasi,Ada,https://brwa.or.id/wa/view/MXpFdzdRSXk3Z0E
855,dGVRSmZhNHhCSDA,24 Nop 2012,Ngata Ntoli,Sulawesi Tengah,DONGGALA,Banawa Selatan,Ada,Terverifikasi,Tidak Ada,https://brwa.or.id/wa/view/dGVRSmZhNHhCSDA
856,d2Z6M0ZBUHJzZWM,04 Jun 2012,Kampung Buntut Purun,Kalimantan Barat,SINTANG,Ambalau,Ada,Teregistrasi,Ada,https://brwa.or.id/wa/view/d2Z6M0ZBUHJzZWM
857,YXNNV3MtdHdoclk,22 Mei 2015,Ngata Pandehe,Sulawesi Tengah,SIGI,Gumbasa,Ada,Terverifikasi,Ada,https://brwa.or.id/wa/view/YXNNV3MtdHdoclk
858,WkpSSUVyWDVjNk0,15 Jul 2013,Toriomog Sidole,Sulawesi Tengah,PARIGI MOUTONG,Ampibabo,Ada,Tersertifikasi,Tidak Ada,https://brwa.or.id/wa/view/WkpSSUVyWDVjNk0
859,SzJzY2tZRUNrUUk,27 Mei 2015,Ngata Lindu,Sulawesi Tengah,SIGI,Lindu,Ada,Tersertifikasi,Ada,https://brwa.or.id/wa/view/SzJzY2tZRUNrUUk
860,TE9wcXhWTDhIS2M,14 Nop 2012,Nggolo To Po Selena Bolonggima,Sulawesi Tengah,KOTA PALU,"-Ulujadi, Banawa selatan dan Banawa",Ada,Terverifikasi,Tidak Ada,https://brwa.or.id/wa/view/TE9wcXhWTDhIS2M
861,NDJsMkIwQ3ktV28,27 Mei 2015,Kampu Marantale,Sulawesi Tengah,PARIGI MOUTONG,Siniu,Ada,Tersertifikasi,Tidak Ada,https://brwa.or.id/wa/view/NDJsMkIwQ3ktV28
862,NEVYQ2hna1FKNWc,24 Mei 2015,Tampo Pekurehua Wanua Watutau,Sulawesi Tengah,POSO,Lore Peore,Ada,Terverifikasi,Tidak Ada,https://brwa.or.id/wa/view/NEVYQ2hna1FKNWc
863,UUk4SWJ0ejVHSzg,23 Mei 2015,Ngata Kinovaro,Sulawesi Tengah,SIGI,"Kinovaro, Marawola Barat",Ada,Terverifikasi,Ada,https://brwa.or.id/wa/view/UUk4SWJ0ejVHSzg
864,VU53UDRRU29IRDQ,24 Nop 2012,Ngata Vugaga,Sulawesi Tengah,SIGI,Marawola Barat,Ada,Terverifikasi,Ada,https://brwa.or.id/wa/view/VU53UDRRU29IRDQ
865,R1FydjhVOTdScWc,25 Apr 2012,Ngapa Kungguma,Sulawesi Tengah,DONGGALA,Labuan,Ada,Tersertifikasi,Tidak Ada,https://brwa.or.id/wa/view/R1FydjhVOTdScWc
866,NHJiQmVfQ2JfZmM,21 Okt 2014,Kampokng Terongin,Kalimantan Barat,SINTANG,Kayan Hilir,Ada,Teregistrasi,Ada,https://brwa.or.id/wa/view/NHJiQmVfQ2JfZmM
867,Yi1VamtYVFZDMDA,21 Mei 2015,Ngata Pantapa,Sulawesi Tengah,SIGI,kinovaro,Ada,Terverifikasi,Ada,https://brwa.or.id/wa/view/Yi1VamtYVFZDMDA
868,cGFDaUhpX3JpODg,14 Nop 2012,Wanua Wanga,Sulawesi Tengah,POSO,Lore Peore,Ada,Terverifikasi,Tidak Ada,https://brwa.or.id/wa/view/cGFDaUhpX3JpODg
869,N0I1V29NSUN2WU0,24 Mei 2015,Ngata Ona,Sulawesi Tengah,SIGI,Marawola Barat,Ada,Tersertifikasi,Ada,https://brwa.or.id/wa/view/N0I1V29NSUN2WU0
870,cU1STTJnbG50S2c,13 Jul 2013,Ngata Vaenumpu,Sulawesi Tengah,SIGI,"Kinovaro, Ulujadi",Ada,Terverifikasi,Ada,https://brwa.or.id/wa/view/cU1STTJnbG50S2c
871,dUYyNmREOE1XUTA,14 Nop 2012,Ngata Mataue,Sulawesi Tengah,SIGI,Kulawi,Ada,Terverifikasi,Ada,https://brwa.or.id/wa/view/dUYyNmREOE1XUTA
872,U2s5Tm12TnBhazQ,14 Nop 2012,Ngata Mabere,Sulawesi Tengah,SIGI,Marawola,Ada,Terverifikasi,Ada,https://brwa.or.id/wa/view/U2s5Tm12TnBhazQ
873,RkN6bW5iT1pta0U,14 Nop 2012,Ngata Lumbulama,Sulawesi Tengah,DONGGALA,Banawa Selatan,Ada,Terverifikasi,Tidak Ada,https://brwa.or.id/wa/view/RkN6bW5iT1pta0U
874,N0kzWXp4QzE4Zms,14 Nop 2012,Ngapa To Po Tara Vatutela,Sulawesi Tengah,KOTA PALU,Mantikulore,Ada,Terverifikasi,Tidak Ada,https://brwa.or.id/wa/view/N0kzWXp4QzE4Zms
875,bHczbk9zTDUtaUE,14 Nop 2012,Salibo Anoi,Sulawesi Tengah,DONGGALA,Sindue,Ada,Terverifikasi,Tidak Ada,https://brwa.or.id/wa/view/bHczbk9zTDUtaUE
876,RUhlSE5MUk5HZDQ,03 Jul 2015,Tapang Sambas - Tapang Kemayau,Kalimantan Barat,SEKADAU,SEKADAU HILIR,Tidak Ada,Teregistrasi,Ada,https://brwa.or.id/wa/view/RUhlSE5MUk5HZDQ
877,X1hldTViRDVmU0U,22 Okt 2014,kampung Natai Mulan,Kalimantan Barat,SINTANG,Kayan Hilir,Ada,Teregistrasi,Ada,https://brwa.or.id/wa/view/X1hldTViRDVmU0U
878,dHY2X01sUVAtTGs,12 Ags 2015,Wet Sesait,Nusa Tenggara Barat,LOMBOK UTARA,Kayangan,Ada,Tersertifikasi,Ada,https://brwa.or.id/wa/view/dHY2X01sUVAtTGs
879,enpaM19GWG1ESnc,14 Nop 2012,Kampung Cenayan,Kalimantan Barat,SEKADAU,Nanga Mahap,Ada,Teregistrasi,Ada,https://brwa.or.id/wa/view/enpaM19GWG1ESnc
880,ZmZBSmJmMjhrVGM,02 Jun 2012,Kampung Meragun,Kalimantan Barat,SEKADAU,Nanga Taman,Ada,Teregistrasi,Ada,https://brwa.or.id/wa/view/ZmZBSmJmMjhrVGM
881,dDgtcGNxTmJvazg,09 Feb 2013,Kampung Iloh,Kalimantan Barat,SEKADAU,Nanga Taman,Ada,Teregistrasi,Ada,https://brwa.or.id/wa/view/dDgtcGNxTmJvazg
882,aVFXX092WkZDU00,03 Jun 2012,Kampung Perongkan,Kalimantan Barat,SEKADAU,Sekadau Hulu,Ada,Teregistrasi,Ada,https://brwa.or.id/wa/view/aVFXX092WkZDU00
883,WGgwNVZDNUdZY1E,11 Mei 2012,Kampung Tempapau,Kalimantan Barat,SEKADAU,Sekadau Hilir,Ada,Teregistrasi,Ada,https://brwa.or.id/wa/view/WGgwNVZDNUdZY1E
884,M1BBZzdHR1FfSEE,13 Mei 2012,Kampung Ensawak,Kalimantan Barat,SEKADAU,Sekadau Hilir,Ada,Teregistrasi,Ada,https://brwa.or.id/wa/view/M1BBZzdHR1FfSEE
885,OHNyZTktU1lacFU,16 Mei 2012,Kampung Engkersik  Satu,Kalimantan Barat,SEKADAU,Sekadau Hilir,Ada,Teregistrasi,Ada,https://brwa.or.id/wa/view/OHNyZTktU1lacFU
886,VDhaYS1keDBrM2c,15 Jul 2013,Kampung Bangan Baru,Kalimantan Barat,KAPUAS HULU,Silat Hulu,Ada,Teregistrasi,Ada,https://brwa.or.id/wa/view/VDhaYS1keDBrM2c
887,UjgzX0pTT2hGekU,15 Jul 2013,Kampung Riam Tapang,Kalimantan Barat,KAPUAS HULU,Silat Hulu,Ada,Teregistrasi,Ada,https://brwa.or.id/wa/view/UjgzX0pTT2hGekU
888,eEN0b1B2R1dyb2c,12 Okt 2012,Kampung Nanga Tiai,Kalimantan Barat,KAPUAS HULU,Silat Hulu,Ada,Teregistrasi,Ada,https://brwa.or.id/wa/view/eEN0b1B2R1dyb2c
889,RXhLYkZXc0I5Vkk,15 Jul 2013,Kampung Nanga Selangkai,Kalimantan Barat,KAPUAS HULU,Silat Hulu,Ada,Teregistrasi,Ada,https://brwa.or.id/wa/view/RXhLYkZXc0I5Vkk
890,dkF5YllQZkdCXzQ,15 Jul 2013,Kampung Nanga Pengga,Kalimantan Barat,KAPUAS HULU,Silat Hulu,Ada,Teregistrasi,Ada,https://brwa.or.id/wa/view/dkF5YllQZkdCXzQ
891,VFNnVFJCLVJMN28,15 Jul 2013,Kampung Perjuk,Kalimantan Barat,KAPUAS HULU,Silat Hulu,Ada,Teregistrasi,Ada,https://brwa.or.id/wa/view/VFNnVFJCLVJMN28
892,c2M4Z0FSLUdJRWc,18 Feb 2012,Ketemenggungan Sungkup Belaban Ella,Kalimantan Barat,MELAWI,MENUKUNG,Ada,Terverifikasi,Ada,https://brwa.or.id/wa/view/c2M4Z0FSLUdJRWc
893,MV9WLXdJUjZ1MXc,15 Jul 2013,Laman  Bunyau,Kalimantan Barat,MELAWI,MENUKUNG,Ada,Tersertifikasi,Ada,https://brwa.or.id/wa/view/MV9WLXdJUjZ1MXc
894,TDA5aDAySGhja1E,30 Mei 2015,Wilayah Adat Pali,Sulawesi Selatan,TANA TORAJA,"Bittuang, Masanda",Ada,Terverifikasi,Tidak Ada,https://brwa.or.id/wa/view/TDA5aDAySGhja1E
895,QXFlZFB2ME1waXc,30 Mei 2015,Wilayah Adat Se'seng,Sulawesi Selatan,TANA TORAJA,Bittuang,Ada,Terverifikasi,Tidak Ada,https://brwa.or.id/wa/view/QXFlZFB2ME1waXc
896,ODVEZGVFbTQtY2c,08 Jun 2015,Banga,Sulawesi Selatan,TANA TORAJA,Rembon,Ada,Teregistrasi,Tidak Ada,https://brwa.or.id/wa/view/ODVEZGVFbTQtY2c
897,N3ZwZ2M5T1NUWG8,15 Jul 2013,Wanua Baringen,Sulawesi Selatan,ENREKANG,Maiwa,Ada,Tersertifikasi,Ada,https://brwa.or.id/wa/view/N3ZwZ2M5T1NUWG8
898,WmlBcnVpendEbWc,18 Feb 2013,Ba'tan,Sulawesi Selatan,KOTA PALOPO,Wara Barat,Ada,Teregistrasi,Tidak Ada,https://brwa.or.id/wa/view/WmlBcnVpendEbWc
899,S2RrSnhMTlFPX2c,06 Jun 2015,Dusun Serawai Pasar Seluma,Bengkulu,SELUMA,Seluma Selatan,Ada,Teregistrasi,Ada,https://brwa.or.id/wa/view/S2RrSnhMTlFPX2c
900,a3FVXzZubEJVcXM,12 Ags 2015,Kemangkuan Sajang,Nusa Tenggara Barat,LOMBOK TIMUR,Sembalun,Ada,Teregistrasi,Ada,https://brwa.or.id/wa/view/a3FVXzZubEJVcXM
901,dGlCbVowbG5MWFE,01 Mar 2015,Marga Benakat,Sumatera Selatan,MUARA ENIM,"Benakat, Talang ubi, Sungai Keruh, Muara Lakitan",Ada,Teregistrasi,Ada,https://brwa.or.id/wa/view/dGlCbVowbG5MWFE
902,NTFRLWRhQlZvSFU,14 Nop 2012,Ngata Toro,Sulawesi Tengah,SIGI,Kulawi,Ada,Terverifikasi,Ada,https://brwa.or.id/wa/view/NTFRLWRhQlZvSFU
903,eUpCYkVIbnRNdHM,14 Des 2012,Wewengkon Kasepuhan Cisitu,Banten,LEBAK,Cibeber,Ada,Teregistrasi,Ada,https://brwa.or.id/wa/view/eUpCYkVIbnRNdHM
904,TDNuUkpOenRGblU,20 Mei 2015,Adat Besar Pa Kinayeh,Kalimantan Utara,MALINAU,Mentarang Hulu,Ada,Tersertifikasi,Ada,https://brwa.or.id/wa/view/TDNuUkpOenRGblU
905,V25IZzZISm44UW8,20 Mei 2015,Adat Besar Pujungan,Kalimantan Utara,MALINAU,Pujungan,Ada,Tersertifikasi,Ada,https://brwa.or.id/wa/view/V25IZzZISm44UW8
906,ekQ5dWxRWE5GTDA,20 Mei 2015,Lumbis Hulu,Kalimantan Utara,NUNUKAN,Lumbis Ogong,Ada,Teregistrasi,Ada,https://brwa.or.id/wa/view/ekQ5dWxRWE5GTDA
907,UzFObUltelJHVzg,25 Mei 2015,Adat Besar Bahau Hulu,Kalimantan Utara,MALINAU,Bahau Hulu,Ada,Tersertifikasi,Ada,https://brwa.or.id/wa/view/UzFObUltelJHVzg
908,Y1VudzRMWFdXRms,08 Ags 2015,Kampung Karampuang,Sulawesi Selatan,SINJAI,Bulupoddo,Ada,Teregistrasi,Ada,https://brwa.or.id/wa/view/Y1VudzRMWFdXRms
909,N2pkUmUwTTRiLXc,06 Jun 2015,Kampung Soppeng Turungan,Sulawesi Selatan,SINJAI,Sinjai Barat,Ada,Teregistrasi,Ada,https://brwa.or.id/wa/view/N2pkUmUwTTRiLXc
910,M0s0X1NnTUlrdmc,20 Mei 2015,Wilayah Adat Besar Tubu,Kalimantan Utara,MALINAU,Sungai Tubu,Ada,Terverifikasi,Ada,https://brwa.or.id/wa/view/M0s0X1NnTUlrdmc
911,WDQybFROVDQ4UUk,23 Apr 2012,Lok Lahung Malaris,Kalimantan Selatan,HULU SUNGAI SELATAN,Loksado,Ada,Teregistrasi,Ada,https://brwa.or.id/wa/view/WDQybFROVDQ4UUk
912,ejFZbXkyMHh5d0k,06 Mei 2015,SEMBUAN,Kalimantan Timur,KUTAI BARAT,NYUATAN,Ada,Teregistrasi,Ada,https://brwa.or.id/wa/view/ejFZbXkyMHh5d0k
913,UHdNZEpZWF8zUGs,15 Jul 2013,Balai kiyu,Kalimantan Selatan,HULU SUNGAI TENGAH,BATANG ALAI TIMUR,Ada,Teregistrasi,Ada,https://brwa.or.id/wa/view/UHdNZEpZWF8zUGs
914,WXFXSVJ5UVI2eU0,22 Apr 2012,Kesepuhan Cirompang,Banten,LEBAK,Sobang,Ada,Terverifikasi,Ada,https://brwa.or.id/wa/view/WXFXSVJ5UVI2eU0
915,MldXanhsU3c2TTA,04 Mei 2015,Ketemenggungan Seberuang Sungai Segak,Kalimantan Barat,SINTANG,Sepauk,Ada,Teregistrasi,Ada,https://brwa.or.id/wa/view/MldXanhsU3c2TTA
916,ZS1pbjc2YnFILWs,04 Mei 2015,Malalo (Guguak Malalo),Sumatera Barat,TANAH DATAR,Batipuh selatan,Ada,Teregistrasi,Ada,https://brwa.or.id/wa/view/ZS1pbjc2YnFILWs
917,WFFIWWFrLThWTXc,14 Nop 2012,Kampung Engkarang,Kalimantan Barat,SINTANG,Kayan Hilir,Ada,Teregistrasi,Ada,https://brwa.or.id/wa/view/WFFIWWFrLThWTXc
918,aWhjZ2hJLVR2ajQ,24 Okt 2015,Mukim Kunyet,Aceh,PIDIE,Padang Tiji,Ada,Tersertifikasi,Ada,https://brwa.or.id/wa/view/aWhjZ2hJLVR2ajQ
919,cG1FYVpSYXNCVEk,15 Jul 2013,Iban Menua Apan,Kalimantan Barat,KAPUAS HULU,Embaloh hulu,Ada,Terverifikasi,Ada,https://brwa.or.id/wa/view/cG1FYVpSYXNCVEk
920,WkJqZjlleE5ER2c,15 Jul 2013,Menua  Ngaung Keruh,Kalimantan Barat,KAPUAS HULU,BATANG LUPAR,Ada,Tersertifikasi,Ada,https://brwa.or.id/wa/view/WkJqZjlleE5ER2c
921,RmJfMXB1MWp2emc,23 Apr 2015,Kampung Kelawik,Kalimantan Barat,KAPUAS HULU,Batang Lupar,Ada,Teregistrasi,Ada,https://brwa.or.id/wa/view/RmJfMXB1MWp2emc
922,N0lmY2FtWVhaTmM,15 Jul 2013,Pedukuan Hulu Ongkag Tanoyan,Sulawesi Utara,BOLAANG MONGONDOW,Lolayan,Ada,Tersertifikasi,Tidak Ada,https://brwa.or.id/wa/view/N0lmY2FtWVhaTmM
923,RTczU2FwZk50TXc,30 Apr 2015,Sampeong,Sulawesi Selatan,LUWU,Walenrang Barat,Ada,Terverifikasi,Ada,https://brwa.or.id/wa/view/RTczU2FwZk50TXc
924,ZVlPbUdqY0FrdzA,25 Apr 2015,Tongko Rampi,Sulawesi Selatan,LUWU UTARA,Rampi,Ada,Teregistrasi,Ada,https://brwa.or.id/wa/view/ZVlPbUdqY0FrdzA
925,NHM4UTRwLTlzbkk,24 Mar 2016,Lipu (kampung) Pohoneang,Sulawesi Selatan,LUWU UTARA,Seko,Ada,Terverifikasi,Ada,https://brwa.or.id/wa/view/NHM4UTRwLTlzbkk
926,R1FUSEsxWV9wNkU,23 Apr 2015,Mungkajang,Sulawesi Selatan,KOTA PALOPO,belum ada,Ada,Teregistrasi,Tidak Ada,https://brwa.or.id/wa/view/R1FUSEsxWV9wNkU
927,N2dBZFY0TkpXNTQ,29 Jul 2013,Katingan Galinggang,Kalimantan Tengah,KATINGAN,belum ada,Ada,Teregistrasi,Ada,https://brwa.or.id/wa/view/N2dBZFY0TkpXNTQ
928,NlhHQ0ZqQ2VIMFU,29 Jul 2013,Katingan Melayu,Kalimantan Tengah,KATINGAN,belum ada,Ada,Teregistrasi,Ada,https://brwa.or.id/wa/view/NlhHQ0ZqQ2VIMFU
929,VllxYnE2dmNvbjg,29 Jul 2013,Katingan Parupuk,Kalimantan Tengah,KATINGAN,belum ada,Ada,Teregistrasi,Ada,https://brwa.or.id/wa/view/VllxYnE2dmNvbjg
930,NFVscHhfb3hwQmc,15 Jul 2013,Katingan Tampelas,Kalimantan Tengah,KATINGAN,belum ada,Ada,Teregistrasi,Ada,https://brwa.or.id/wa/view/NFVscHhfb3hwQmc
931,aUN0dFBZaWoxOE0,15 Jul 2013,Kalaru Manuah Desa Telaga,Kalimantan Tengah,KATINGAN,belum ada,Ada,Teregistrasi,Ada,https://brwa.or.id/wa/view/aUN0dFBZaWoxOE0
932,YXZFNlU4UWZBZjg,15 Jul 2013,Katingan Tembang Bulan,Kalimantan Tengah,KATINGAN,belum ada,Ada,Teregistrasi,Ada,https://brwa.or.id/wa/view/YXZFNlU4UWZBZjg
933,eXFFUzgxb2xtNGM,15 Jul 2013,Katingan Tewang,Kalimantan Tengah,KATINGAN,belum ada,Ada,Teregistrasi,Ada,https://brwa.or.id/wa/view/eXFFUzgxb2xtNGM
934,RWlHMzVXTXNqX2M,24 Mar 2016,Hoyane,Sulawesi Selatan,LUWU UTARA,Seko,Ada,Terverifikasi,Ada,https://brwa.or.id/wa/view/RWlHMzVXTXNqX2M
935,RkVGMlpoUVVSckk,15 Jul 2013,Lawangan Kalahien,Kalimantan Tengah,BARITO SELATAN,belum ada,Ada,Teregistrasi,Ada,https://brwa.or.id/wa/view/RkVGMlpoUVVSckk
936,OGJfMFRPaF9BeXc,15 Jul 2013,Ngaju,Kalimantan Tengah,KAPUAS,belum ada,Ada,Teregistrasi,Ada,https://brwa.or.id/wa/view/OGJfMFRPaF9BeXc
937,ZnZIbGVqeUpUeFU,15 Jul 2013,Ngaju Bawan,Kalimantan Tengah,PULANG PISAU,belum ada,Ada,Teregistrasi,Ada,https://brwa.or.id/wa/view/ZnZIbGVqeUpUeFU
938,QzNtdDB3aUJoVXc,15 Jul 2013,Ngaju Jabiren,Kalimantan Tengah,PULANG PISAU,belum ada,Ada,Teregistrasi,Ada,https://brwa.or.id/wa/view/QzNtdDB3aUJoVXc
939,cUVMTHZzcTZZNTQ,15 Jul 2013,Ngaju Kalandan,Kalimantan Tengah,KAPUAS,belum ada,Ada,Teregistrasi,Ada,https://brwa.or.id/wa/view/cUVMTHZzcTZZNTQ
940,dlZORUgtaENQXzQ,15 Jul 2013,Ngaju Katunjung,Kalimantan Tengah,KAPUAS,belum ada,Ada,Teregistrasi,Ada,https://brwa.or.id/wa/view/dlZORUgtaENQXzQ
941,MHVzVkFNTW40NDg,15 Jul 2013,Ngaju Lapetan,Kalimantan Tengah,KAPUAS,belum ada,Ada,Teregistrasi,Ada,https://brwa.or.id/wa/view/MHVzVkFNTW40NDg
942,S2ViWnZpWWtmYjQ,27 Mar 2016,Hono,Sulawesi Selatan,LUWU UTARA,Seko,Ada,Terverifikasi,Ada,https://brwa.or.id/wa/view/S2ViWnZpWWtmYjQ
943,ZlctN2tMeGo5T0U,15 Jul 2013,Ngaju Lawang Uru,Kalimantan Tengah,PULANG PISAU,belum ada,Ada,Teregistrasi,Ada,https://brwa.or.id/wa/view/ZlctN2tMeGo5T0U
944,dUpVOVlzejYzRFU,15 Jul 2013,Ngaju Majahandau,Kalimantan Tengah,BARITO SELATAN,belum ada,Ada,Teregistrasi,Ada,https://brwa.or.id/wa/view/dUpVOVlzejYzRFU
945,eXNLTlZfM0VnX28,08 Nop 2015,Bure,Sulawesi Selatan,LUWU,Walenrang Barat,Ada,Terverifikasi,Ada,https://brwa.or.id/wa/view/eXNLTlZfM0VnX28
946,Y0JYaURjM0lsZkE,23 Mar 2016,Beroppa,Sulawesi Selatan,LUWU UTARA,Seko,Ada,Terverifikasi,Ada,https://brwa.or.id/wa/view/Y0JYaURjM0lsZkE
947,UEpYcmktNjJyd3M,15 Jul 2013,Ngaju Mantangai Hulu,Kalimantan Tengah,KAPUAS,belum ada,Ada,Teregistrasi,Ada,https://brwa.or.id/wa/view/UEpYcmktNjJyd3M
948,WEFXTWlTbUE1aU0,15 Jul 2013,Ngaju Pangi,Kalimantan Tengah,PULANG PISAU,belum ada,Ada,Teregistrasi,Ada,https://brwa.or.id/wa/view/WEFXTWlTbUE1aU0
949,SWpIdFJIOVdxZW8,15 Jul 2013,Ngaju Sei Jaya,Kalimantan Tengah,BARITO SELATAN,belum ada,Ada,Teregistrasi,Ada,https://brwa.or.id/wa/view/SWpIdFJIOVdxZW8
950,WGpDd0xZNzdhOVk,15 Jul 2013,Ngaju Tarantang,Kalimantan Tengah,KAPUAS,belum ada,Ada,Teregistrasi,Ada,https://brwa.or.id/wa/view/WGpDd0xZNzdhOVk
951,ZHpkRTdId2tzSmc,15 Jul 2013,Ngaju Teluk Kajang,Kalimantan Tengah,KAPUAS,belum ada,Ada,Teregistrasi,Ada,https://brwa.or.id/wa/view/ZHpkRTdId2tzSmc
952,dHZtUE1sWS1kRUk,29 Apr 2015,Ngaju Tembang Terusan,Kalimantan Tengah,PULANG PISAU,belum ada,Ada,Teregistrasi,Ada,https://brwa.or.id/wa/view/dHZtUE1sWS1kRUk
953,NHpkOTc4cGdiYWc,29 Apr 2015,Ngaju Tumbang Nusa,Kalimantan Tengah,PULANG PISAU,belum ada,Ada,Teregistrasi,Ada,https://brwa.or.id/wa/view/NHpkOTc4cGdiYWc
954,NWtsNGR5eDY4YkE,30 Apr 2015,Amballong,Sulawesi Selatan,LUWU UTARA,Seko,Ada,Terverifikasi,Ada,https://brwa.or.id/wa/view/NWtsNGR5eDY4YkE
955,Y2dzWUtmaDc4WU0,30 Apr 2015,Sei Terik,Kalimantan Timur,PASER,-,Ada,Teregistrasi,Ada,https://brwa.or.id/wa/view/Y2dzWUtmaDc4WU0
956,YnFoa2NpMDFMd0E,30 Apr 2015,Sayo,Kalimantan Timur,PASER,belum ada,Ada,Teregistrasi,Ada,https://brwa.or.id/wa/view/YnFoa2NpMDFMd0E
957,aHJrSjZJY2s2Zlk,30 Apr 2015,Samurangau,Kalimantan Timur,PASER,belum ada,Ada,Teregistrasi,Ada,https://brwa.or.id/wa/view/aHJrSjZJY2s2Zlk
958,TmVqSlRPeTJHb28,30 Apr 2015,Pasir Mayang,Kalimantan Timur,PASER,belum ada,Ada,Teregistrasi,Ada,https://brwa.or.id/wa/view/TmVqSlRPeTJHb28
959,TFZJRjZJbGRaT1U,30 Apr 2015,Olog,Kalimantan Timur,PASER,belum ada,Ada,Teregistrasi,Ada,https://brwa.or.id/wa/view/TFZJRjZJbGRaT1U
960,T21sWk9xVC1KMlk,29 Apr 2015,Pembuang Tanjung Hanau,Kalimantan Tengah,SERUYAN,belum ada,Ada,Teregistrasi,Ada,https://brwa.or.id/wa/view/T21sWk9xVC1KMlk
961,MGFSa181SWdJd1E,14 Nop 2012,Muluy,Kalimantan Timur,PASER,Muara Komam,Ada,Teregistrasi,Ada,https://brwa.or.id/wa/view/MGFSa181SWdJd1E
962,Z2JZcm5DRnRyY3c,29 Apr 2015,Sembuluh Dua,Kalimantan Tengah,SERUYAN,belum ada,Ada,Teregistrasi,Ada,https://brwa.or.id/wa/view/Z2JZcm5DRnRyY3c
963,dGZha0tOUldSM3M,30 Apr 2015,Benuaq Muara Tae Ohong Sanggokng,Kalimantan Timur,KUTAI BARAT,Siluq Ngurai,Ada,Teregistrasi,Ada,https://brwa.or.id/wa/view/dGZha0tOUldSM3M
964,bWRaU3N2LUU4V0U,14 Nop 2012,Dayak Medang Long Wai,Kalimantan Timur,PASER,"Busang, Muaraancalong",Ada,Terverifikasi,Ada,https://brwa.or.id/wa/view/bWRaU3N2LUU4V0U
965,R2tjcm45VU5zZ3c,29 Apr 2015,Seruyan Cempaka Baru,Kalimantan Tengah,SERUYAN,belum ada,Ada,Teregistrasi,Ada,https://brwa.or.id/wa/view/R2tjcm45VU5zZ3c
966,ZE4zMGkyeW1wUjQ,29 Apr 2015,Seruyan Palingkau,Kalimantan Tengah,SERUYAN,belum ada,Ada,Teregistrasi,Ada,https://brwa.or.id/wa/view/ZE4zMGkyeW1wUjQ
967,RkRRM2J2REM5OUk,30 Apr 2015,Lembok,Kalimantan Timur,PASER,belum ada,Ada,Teregistrasi,Ada,https://brwa.or.id/wa/view/RkRRM2J2REM5OUk
968,ZnRZR1RYcmNoNEU,30 Apr 2015,Kelurahan Sepan,Kalimantan Timur,PASER,belum ada,Ada,Teregistrasi,Ada,https://brwa.or.id/wa/view/ZnRZR1RYcmNoNEU
969,ZHd5UXotQU1GQ28,15 Jul 2013,Seruyan Paren,Kalimantan Tengah,SERUYAN,belum ada,Ada,Teregistrasi,Ada,https://brwa.or.id/wa/view/ZHd5UXotQU1GQ28
970,c05rUWU5RnRnSkk,15 Jul 2013,Seruyan Telaga Baung,Kalimantan Tengah,SERUYAN,belum ada,Ada,Teregistrasi,Ada,https://brwa.or.id/wa/view/c05rUWU5RnRnSkk
971,WFNpdG52LXNxTnM,15 Jul 2013,Seruyan Ulak Batu,Kalimantan Tengah,SERUYAN,belum ada,Ada,Teregistrasi,Ada,https://brwa.or.id/wa/view/WFNpdG52LXNxTnM
972,THhEcUV5MkUzWjg,29 Apr 2015,Teboyan setalar,Kalimantan Tengah,BARITO UTARA,belum ada,Ada,Teregistrasi,Ada,https://brwa.or.id/wa/view/THhEcUV5MkUzWjg
973,cG5USGtidUFrR2c,29 Apr 2015,Lewu Tumbang Bahanei,Kalimantan Tengah,GUNUNG MAS,Rungan Barat,Ada,Tersertifikasi,Ada,https://brwa.or.id/wa/view/cG5USGtidUFrR2c
974,U0hoS2JpY0FnT3M,29 Apr 2015,Bakumpai Teluk Betung,Kalimantan Tengah,BARITO SELATAN,belum ada,Ada,Teregistrasi,Ada,https://brwa.or.id/wa/view/U0hoS2JpY0FnT3M
975,YVBZV3JNZkFMNkk,22 Apr 2012,Kampong Amplas,Sumatera Utara,KOTA MEDAN,Medan Amplas,Ada,Teregistrasi,Tidak Ada,https://brwa.or.id/wa/view/YVBZV3JNZkFMNkk
976,elNmOEk2a3FYQ2s,27 Ags 2015,Dusun Semende Banding Agung,Bengkulu,KAUR,Nasal,Ada,Teregistrasi,Tidak Ada,https://brwa.or.id/wa/view/elNmOEk2a3FYQ2s
977,cENacl9Vb1ZKMVk,22 Apr 2015,Moi kelim,Papua Barat,SORONG,"Sorong Timur, Sorong Barat, Sorong Kepulauan, Sorong Utara, Sorong, Sorong Manoi, Klawurum, Malamisimsa,  Maladummes",Ada,Teregistrasi,Ada,https://brwa.or.id/wa/view/cENacl9Vb1ZKMVk
978,Z2ItUGdjWlJNdVk,23 Apr 2015,Cek Bocek Selesek Rensuri,Nusa Tenggara Barat,SUMBAWA BARAT,Ropang,Ada,Teregistrasi,Ada,https://brwa.or.id/wa/view/Z2ItUGdjWlJNdVk
979,UG1HMW8wR3JCMjg,14 Nop 2012,Wewengkon Adat Cibedug,Banten,LEBAK,Cibeber/Citorek Barat,Ada,Terverifikasi,Ada,https://brwa.or.id/wa/view/UG1HMW8wR3JCMjg
